Species,Body_Mass.g,Cerebellum_C.n,Cerebellum_Mass.g,Cerebellum_N.n,Cerebellum_N.n_SD,Cerebellum_N.p.mg,Cerebellum_N.p.mg_SD,Cerebellum_O.n,Cerebellum_O.n_SD,Cerebellum_O.p.N,Cerebellum_O.p.N_SD,Cerebellum_O.p.mg,Cerebellum_O.p.mg_SD,CerebralCortex_C.n,CerebralCortex_Mass.g,CerebralCortex_Mass.g_SD,CerebralCortex_N.n,CerebralCortex_N.n_SD,CerebralCortex_N.p.mg,CerebralCortex_N.p.mg_SD,CerebralCortex_O.n,CerebralCortex_O.n_SD,CerebralCortex_O.p.N,CerebralCortex_O.p.N_SD,CerebralCortex_O.p.mg,CerebralCortex_O.p.mg_SD,RoB_C.n,RoB_Mass.g,RoB_Mass.g_SD,RoB_N.n,RoB_N.n_SD,RoB_N.p.mg,RoB_N.p.mg_SD,RoB_O.n,RoB_O.n_SD,RoB_O.p.N,RoB_O.p.N_SD,RoB_O.p.mg,RoB_O.p.mg_SD,WholeBrain_C.n,WholeBrain_Mass.g,WholeBrain_Mass.g_SD,WholeBrain_N.n,WholeBrain_N.n_SD,WholeBrain_O.n,WholeBrain_O.n_SD,Cerebellum_I.p.C,CerebralCortexNoHippocampus_I.p.C,CerebralCortex_I.p.C,Hippocampus_I.p.C,OlfactoryBulb_Mass.g,OlfactoryBulb_N.n,OlfactoryBulb_N.p.mg,OlfactoryBulb_O.n,OlfactoryBulb_O.p.N,OlfactoryBulb_O.p.mg,RoB_I.p.C,WholeBrain_I.p.C,Body_Mass.g_SD,Brain_Mass.g,Brain_N.n,Cerebellum_Mass.g_SD,OlfactoryBulb_Mass.g_SD,OlfactoryBulb_N.n_SD,OlfactoryBulb_N.p.mg_SD,OlfactoryBulb_O.n_SD,OlfactoryBulb_O.p.mg_SD,SpinalCord_Length.mm,SpinalCord_Length.mm_SD,SpinalCord_Mass.g,SpinalCord_Mass.g_SD,SpinalCord_N.n,SpinalCord_N.n_SD,SpinalCord_N.p.mg,SpinalCord_N.p.mg_SD,SpinalCord_O.n,SpinalCord_O.n_SD,SpinalCord_O.p.mg,SpinalCord_O.p.mg_SD,SpinalCord_p.C.Body.mass,SpinalCord_p.C.CNS.mass,SpinalCord_p.C.CNS.neurons,Amygdala_Vol.mm3,Amygdala_Vol.mm3_SD,Cerebellum_Vol.mm3,Cerebellum_Vol.mm3_SD,EntorhinalCortex_Vol.mm3,EntorhinalCortex_Vol.mm3_SD,Hippocampus_Vol.mm3,Hippocampus_Vol.mm3_SD,Hypothalamus_Vol.mm3,Hypothalamus_Vol.mm3_SD,Medulla_Vol.mm3,Medulla_Vol.mm3_SD,MesencephalonMedulla_N.n,MesencephalonMedulla_N.n_SD,Neocortex_Vol.mm3,Neocortex_Vol.mm3_SD,OlfactoryBulb_Vol.mm3,OlfactoryBulb_Vol.mm3_SD,OlfactoryCortices_Vol.mm3,OlfactoryCortices_Vol.mm3_SD,Septum_Vol.mm3,Septum_Vol.mm3_SD,Striatum_Vol.mm3,Striatum_Vol.mm3_SD,SubcorticalForebrain_N.n,SubcorticalForebrain_N.n_SD,Tectum_Vol.mm3,Tectum_Vol.mm3_SD,Tegmentum_Vol.mm3,Tegmentum_Vol.mm3_SD,Thalamus_Vol.mm3,Thalamus_Vol.mm3_SD,WholeBrainOlfactoryBulb_Mass.g,WholeBrainOlfactoryBulb_Mass.g_SD,WholeBrainOlfactoryBulb_N.n,WholeBrainOlfactoryBulb_N.n_SD,OlfactoryBulb_O.p.N_SD,Hippocampus_C.n,Hippocampus_Mass.g,Hippocampus_N.n,Hippocampus_N.p.mg,Hippocampus_O.n,Hippocampus_O.p.N,WholeBrain_O.p.N,CerebralCortexGrey_N.n,CerebralCortexGrey_N.p.mg,CerebralCortexGrey_O.p.N,MesencephalonDiencephalonStriatum_Mass.g,MesencephalonDiencephalonStriatum_N.n,MesencephalonDiencephalonStriatum_N.p.mg,MesencephalonDiencephalonStriatum_O.p.N,PonsMedulla_Mass.g,PonsMedulla_N.n,PonsMedulla_N.p.mg,PonsMedulla_O.p.N,DiencephalonStriatum_Mass.g,DiencephalonStriatum_N.n,DiencephalonStriatum_N.p.mg,DiencephalonStriatum_O.p.N,Mesencephalon_Mass.g,Mesencephalon_N.n,Mesencephalon_N.p.mg,Mesencephalon_O.p.N,PonsMedulla_I.p.C
Amblysomus hottentotus,79,42644000,0.084,34488379,3207000,409687,18667,8155621,813000,0.236,0.002,96849,5069,42886000,0.439,0.035,21516000,2154000,48932,1004,21370000,4614000,0.982,0.116,48146,6674,25905000,0.289,0.013,9070358,1069000,31616,5124,16834642,3276000,1.839,0.144,58880,13983,111705000,0.812,0.044,65074000,2124000,46631000,527000,NA,NA,NA,NA,NA,NA,NA,NA,NA,NA,NA,NA,NA,NA,NA,NA,NA,NA,NA,NA,NA,NA,NA,NA,NA,NA,NA,NA,NA,NA,NA,NA,NA,NA,NA,NA,NA,NA,NA,NA,NA,NA,NA,NA,NA,NA,NA,NA,NA,NA,NA,NA,NA,NA,NA,NA,NA,NA,NA,NA,NA,NA,NA,NA,NA,NA,NA,NA,NA,NA,NA,NA,NA,NA,NA,NA,NA,NA,NA,NA,NA,NA,NA,NA,NA,NA,NA,NA,NA,NA,NA,NA,NA,NA,NA,NA,NA,NA,NA,NA
Antidorcas marsupialis,25000,2724458750,11.458,2257214074,NA,196999,NA,467244676,NA,0.207,NA,40779,NA,4523155434,68.806,NA,396896159,NA,5768,NA,4126259275,NA,10.396,NA,59969,NA,1389765624,25.81,NA,70485000,NA,2731,NA,1319280624,NA,18.71,NA,51115,NA,8637379808,106.074,NA,2724595233,NA,5912784575,NA,0.0214865793068073,0.0604766228081355,0.0603145472355014,0.0569999998506161,1.2,15998400,13332,105201600,6.576,87668,0.0606648880530952,0.04708908919587,NA,NA,NA,NA,NA,NA,NA,NA,NA,NA,NA,NA,NA,NA,NA,NA,NA,NA,NA,NA,NA,NA,NA,NA,NA,NA,NA,NA,NA,NA,NA,NA,NA,NA,NA,NA,NA,NA,NA,NA,NA,NA,NA,NA,NA,NA,NA,NA,NA,NA,NA,NA,NA,NA,NA,NA,NA,NA,NA,NA,NA,NA,NA,NA,NA,NA,NA,NA,NA,NA,NA,NA,NA,NA,NA,NA,NA,NA,NA,NA,NA,NA,NA,NA,NA,NA,NA,NA
Aotus trivirgatus,925,1185270000,1.732,1040000000,20000000,605080,90570,145270000,45030000,0.14,NA,82890,15580,1137320000,10.617,0.61,441900000,111310000,41990,12900,695420000,130000000,1.574,NA,65330,5950,362800000,3.104,NA,49340000,NA,15900,NA,313460000,NA,6.353,NA,100990,NA,2663540000,15.73,NA,1468410000,NA,1195130000,NA,NA,NA,0.0183102894248239,NA,0.05,7925468,155879,8360532,1.055,162922,NA,NA,35,15.73,1470,0.218,0.012,3114924,62241,3213106,44209,169.88,17.31,2.131,0.526,5.82,0.89,2911,971,91,14.81,44202,7980,0.18,11.93,0.39,NA,NA,NA,NA,NA,NA,NA,NA,NA,NA,NA,NA,NA,NA,NA,NA,NA,NA,NA,NA,NA,NA,NA,NA,NA,NA,NA,NA,NA,NA,NA,NA,NA,NA,NA,NA,NA,NA,NA,NA,NA,NA,NA,NA,NA,NA,NA,NA,NA,NA,NA,NA,NA,NA,NA,NA,NA,NA,NA,NA,NA,NA,NA,NA
Bathyergus suillus,907.82,NA,NA,268890000,17470000,NA,NA,NA,NA,NA,NA,NA,NA,NA,NA,NA,43480000,5110000,NA,NA,NA,NA,NA,NA,NA,NA,NA,NA,NA,NA,NA,NA,NA,NA,NA,NA,NA,NA,NA,NA,NA,NA,337480000,21440000,NA,NA,NA,NA,NA,NA,NA,23810000,NA,NA,NA,NA,NA,NA,320.93,NA,NA,NA,NA,2960000,NA,NA,NA,NA,NA,NA,NA,NA,NA,NA,NA,NA,NA,NA,NA,NA,NA,NA,50,3,683,82,96,3,194,1,85,7,368,30,8670000,600000,1011,21,132,14,173,15,35,7,249,20,16420000,750000,69,6,156,18,173,15,3.78,0.14,361290000,24400000,NA,NA,NA,NA,NA,NA,NA,NA,NA,NA,NA,NA,NA,NA,NA,NA,NA,NA,NA,NA,NA,NA,NA,NA,NA,NA,NA,NA
Blarina brevicauda,16.2,37840000,0.037,33430000,5821000,919942,19721,4410000,1280000,0.132,NA,118736,25620,27696000,0.197,0.012,11876000,1569000,60214,4935,15820000,1158000,1.357,0.25,80729,8731,19660000,0.113,0.009,6340000,636200,55924,2130,13320000,1120000,2.102,0.096,117736,5840,88740000,0.347,NA,55190000,6126000,33550000,1222000,NA,NA,NA,NA,0.026,8090000,318164,4910000,0.607,193631,NA,NA,1.6,NA,NA,0.005,0.003,935900,34950,730000,31450,NA,NA,NA,NA,NA,NA,NA,NA,NA,NA,NA,NA,NA,NA,NA,NA,NA,NA,NA,NA,NA,NA,NA,NA,NA,NA,NA,NA,NA,NA,NA,NA,NA,NA,NA,NA,NA,NA,NA,NA,NA,NA,NA,NA,NA,NA,NA,NA,NA,NA,NA,0.125,NA,NA,NA,NA,NA,NA,NA,NA,NA,NA,NA,NA,NA,NA,NA,NA,NA,NA,NA,NA,NA,NA,NA,NA,NA,NA,NA
Callimico goeldii,NA,NA,NA,NA,NA,NA,NA,NA,NA,NA,NA,NA,NA,1072460000,12.984,NA,357129180,NA,27505,NA,715330820,NA,2.003,NA,55093,NA,248440000,2.086,NA,53911480,NA,25844,NA,194528520,NA,3.608,NA,93254,NA,NA,NA,NA,NA,NA,NA,NA,NA,NA,NA,NA,NA,NA,NA,NA,NA,NA,NA,NA,NA,NA,NA,NA,NA,NA,NA,NA,NA,NA,NA,NA,NA,NA,NA,NA,NA,NA,NA,NA,NA,NA,NA,NA,NA,NA,NA,NA,NA,NA,NA,NA,NA,NA,NA,NA,NA,NA,NA,NA,NA,NA,NA,NA,NA,NA,NA,NA,NA,NA,NA,NA,NA,NA,NA,NA,NA,NA,NA,NA,NA,NA,NA,NA,NA,NA,NA,NA,NA,NA,NA,NA,NA,NA,NA,NA,NA,NA,NA,NA,NA,NA,NA,NA,NA,NA,NA,NA
Callithrix jacchus,361,410860000,0.73,361370000,28530000,494970,25740,49490000,6770000,0.137,NA,68170,12210,640060000,5.561,0.443,244720000,81180000,44280,15900,395340000,58790000,1.615,NA,71800,14880,175630000,1.489,0.317,29720000,9350000,19650,2840,145910000,27830000,4.909,NA,98370,NA,1226540000,7.78,0.654,635800000,115730000,590740000,70810000,NA,NA,NA,NA,0.008,2108078,232309,2547922,1.209,269383,NA,NA,1.4,7.78,635.8,0.039,0.014,983420,137605,960104,105563,NA,NA,0.621,NA,3.65,NA,5875,NA,44.55,NA,71734,NA,0.18,7.39,0.57,NA,NA,NA,NA,NA,NA,NA,NA,NA,NA,NA,NA,NA,NA,NA,NA,NA,NA,NA,NA,NA,NA,NA,NA,NA,NA,NA,NA,NA,NA,NA,NA,NA,NA,NA,NA,NA,NA,NA,NA,NA,NA,NA,NA,NA,NA,NA,NA,NA,NA,NA,NA,NA,NA,NA,NA,NA,NA,NA,NA,NA,NA,NA,NA
Canis lupus familiaris,19700,2525310000,7.512,1676630000,NA,223194,NA,848680000,NA,0.506,NA,NA,NA,3944370000,65.491,NA,527910000,NA,8061,NA,3416460000,NA,6.472,NA,NA,NA,976240000,13.459,NA,48150000,NA,3577,NA,928090000,NA,19.275,NA,NA,NA,7445920000,86.462,NA,2252690000,NA,5193230000,NA,0.0191000000989976,0.0795999998947842,0.0794999999683092,0.0780999991237678,NA,NA,NA,NA,NA,NA,0.105899999871958,0.0625,NA,NA,NA,NA,NA,NA,NA,NA,NA,NA,NA,NA,NA,NA,NA,NA,NA,NA,NA,NA,NA,NA,NA,NA,NA,NA,NA,NA,NA,NA,NA,NA,NA,NA,NA,NA,NA,NA,NA,NA,NA,NA,NA,NA,NA,NA,NA,NA,NA,NA,NA,NA,NA,NA,NA,NA,NA,NA,NA,NA,NA,142660000,2.01,8610000,4282,134050000,15.575,2.305,NA,NA,NA,NA,NA,NA,NA,NA,NA,NA,NA,NA,NA,NA,NA,NA,NA,NA,NA,NA
Cardioderma cor,26,NA,103475.348622945,63792242,NA,616497,NA,NA,NA,NA,NA,NA,NA,NA,257039.682140522,NA,10221440,NA,39766,NA,NA,NA,NA,NA,NA,NA,NA,201212.912805565,NA,7317510,NA,36367,NA,NA,NA,NA,NA,NA,NA,NA,0.562,NA,81331192,NA,NA,NA,NA,NA,NA,NA,NA,NA,NA,NA,NA,NA,NA,NA,NA,NA,NA,NA,NA,NA,NA,NA,NA,NA,NA,NA,NA,NA,NA,NA,NA,NA,NA,NA,NA,NA,NA,NA,NA,NA,NA,NA,NA,NA,NA,NA,NA,NA,NA,NA,NA,NA,NA,NA,NA,NA,NA,NA,NA,NA,NA,NA,NA,NA,NA,NA,NA,NA,NA,NA,NA,NA,NA,NA,NA,NA,NA,NA,NA,NA,NA,NA,NA,NA,NA,NA,NA,NA,NA,NA,NA,NA,NA,NA,NA,NA,NA,NA,NA,NA,NA,NA
Casinycteris argynnis,27,NA,128000.061152779,77445413,NA,605042,NA,NA,NA,NA,NA,NA,NA,NA,462003.220682961,NA,10471765,NA,22666,NA,NA,NA,NA,NA,NA,NA,NA,302002.666594106,NA,11098900,NA,36751,NA,NA,NA,NA,NA,NA,NA,NA,0.892,NA,99016077,NA,NA,NA,NA,NA,NA,NA,NA,NA,NA,NA,NA,NA,NA,NA,NA,NA,NA,NA,NA,NA,NA,NA,NA,NA,NA,NA,NA,NA,NA,NA,NA,NA,NA,NA,NA,NA,NA,NA,NA,NA,NA,NA,NA,NA,NA,NA,NA,NA,NA,NA,NA,NA,NA,NA,NA,NA,NA,NA,NA,NA,NA,NA,NA,NA,NA,NA,NA,NA,NA,NA,NA,NA,NA,NA,NA,NA,NA,NA,NA,NA,NA,NA,NA,NA,NA,NA,NA,NA,NA,NA,NA,NA,NA,NA,NA,NA,NA,NA,NA,NA,NA,NA
Cavia porcellus,311,204145000,0.5,167854925,2175973,339755,48069,36290075,4506186,0.216,0.024,72824,2216,152125000,1.938,0.231,43510525,3169924,22508,1050,108614475,12775334,2.492,0.112,56036,93,105375000,1.218,0.178,22191825,9431638,18990,10522,83183175,8139966,4.035,NA,69528,16855,461645000,3.656,0.486,233557275,4085741,228087725,9141554,NA,NA,NA,NA,0.103,6065700,58560,10154300,1.637,96793,NA,NA,49.1,NA,NA,0.077,0.013,1295335,5340,4220098,29011,NA,NA,NA,NA,NA,NA,NA,NA,NA,NA,NA,NA,NA,NA,NA,NA,NA,NA,NA,NA,NA,NA,NA,NA,NA,NA,NA,NA,NA,NA,NA,NA,NA,NA,NA,NA,NA,NA,NA,NA,NA,NA,NA,NA,NA,NA,NA,NA,NA,NA,NA,0.346,NA,NA,NA,NA,NA,NA,NA,NA,NA,NA,NA,NA,NA,NA,NA,NA,NA,NA,NA,NA,NA,NA,NA,NA,NA,NA,NA
Coleura afra,11.5,NA,54034.1106919655,47984992,NA,888050,NA,NA,NA,NA,NA,NA,NA,NA,89982.784272051,NA,5080428,NA,56460,NA,NA,NA,NA,NA,NA,NA,NA,98803.1030528881,NA,5514794,NA,55816,NA,NA,NA,NA,NA,NA,NA,NA,0.244,NA,58580214,NA,NA,NA,NA,NA,NA,NA,NA,NA,NA,NA,NA,NA,NA,NA,NA,NA,NA,NA,NA,NA,NA,NA,NA,NA,NA,NA,NA,NA,NA,NA,NA,NA,NA,NA,NA,NA,NA,NA,NA,NA,NA,NA,NA,NA,NA,NA,NA,NA,NA,NA,NA,NA,NA,NA,NA,NA,NA,NA,NA,NA,NA,NA,NA,NA,NA,NA,NA,NA,NA,NA,NA,NA,NA,NA,NA,NA,NA,NA,NA,NA,NA,NA,NA,NA,NA,NA,NA,NA,NA,NA,NA,NA,NA,NA,NA,NA,NA,NA,NA,NA,NA,NA
Condylura cristata,41.1,125400000,0.138,105920000,22100000,776460,181530,19480000,6420000,0.184,NA,139912,39720,49260000,0.42,0.024,17250000,3105000,40777,5145,32010000,8822000,1.966,0.924,76995,25019,39710000,0.244,0.026,8160000,2180000,33475,8560,31550000,5950000,3.866,1.692,128990,17820,214370000,0.802,0.046,131330000,21229000,83040000,19046000,NA,NA,NA,NA,0.04,10550000,254720,7470000,0.708,185124,NA,NA,4.7,NA,NA,0.012,0.005,4290000,74620,970000,19370,NA,NA,NA,NA,NA,NA,NA,NA,NA,NA,NA,NA,NA,NA,NA,NA,NA,NA,NA,NA,NA,NA,NA,NA,NA,NA,NA,NA,NA,NA,NA,NA,NA,NA,NA,NA,NA,NA,NA,NA,NA,NA,NA,NA,NA,NA,NA,NA,NA,NA,NA,0.328,NA,NA,NA,NA,NA,NA,NA,NA,NA,NA,NA,NA,NA,NA,NA,NA,NA,NA,NA,NA,NA,NA,NA,NA,NA,NA,NA
Cryptomys hottentotus,68.58,NA,NA,68810000,9020000,NA,NA,NA,NA,NA,NA,NA,NA,NA,NA,NA,11730000,220000,NA,NA,NA,NA,NA,NA,NA,NA,NA,NA,NA,NA,NA,NA,NA,NA,NA,NA,NA,NA,NA,NA,NA,NA,88250000,9190000,NA,NA,NA,NA,NA,NA,NA,7990000,NA,NA,NA,NA,NA,NA,12.36,NA,NA,NA,NA,460000,NA,NA,NA,NA,NA,NA,NA,NA,NA,NA,NA,NA,NA,NA,NA,NA,NA,NA,14,3,121,19,25,3,59,8,25,6,79,2,3170000,360000,183,30,37,4,50,8,11,1,59,7,4550000,690000,17,2,34,4,39,3,0.85,0.06,96240000,9650000,NA,NA,NA,NA,NA,NA,NA,NA,NA,NA,NA,NA,NA,NA,NA,NA,NA,NA,NA,NA,NA,NA,NA,NA,NA,NA,NA,NA
Cryptomys hottentotus natalensis,99.02,NA,NA,109750000,8750000,NA,NA,NA,NA,NA,NA,NA,NA,NA,NA,NA,17460000,1390000,NA,NA,NA,NA,NA,NA,NA,NA,NA,NA,NA,NA,NA,NA,NA,NA,NA,NA,NA,NA,NA,NA,NA,NA,138130000,8210000,NA,NA,NA,NA,NA,NA,NA,11850000,NA,NA,NA,NA,NA,NA,33.43,NA,NA,NA,NA,290000,NA,NA,NA,NA,NA,NA,NA,NA,NA,NA,NA,NA,NA,NA,NA,NA,NA,NA,20,4,175,19,43,6,80,13,31,3,97,18,4110000,140000,321,26,55,12,76,12,14,3,84,11,6820000,810000,24,6,42,6,54,6,1.24,0.11,149980000,8500000,NA,NA,NA,NA,NA,NA,NA,NA,NA,NA,NA,NA,NA,NA,NA,NA,NA,NA,NA,NA,NA,NA,NA,NA,NA,NA,NA,NA
Cryptomys hottentotus pretoriae,104.27,NA,NA,120580000,16690000,NA,NA,NA,NA,NA,NA,NA,NA,NA,NA,NA,20560000,900000,NA,NA,NA,NA,NA,NA,NA,NA,NA,NA,NA,NA,NA,NA,NA,NA,NA,NA,NA,NA,NA,NA,NA,NA,157090000,14820000,NA,NA,NA,NA,NA,NA,NA,12070000,NA,NA,NA,NA,NA,NA,21.31,NA,NA,NA,NA,1410000,NA,NA,NA,NA,NA,NA,NA,NA,NA,NA,NA,NA,NA,NA,NA,NA,NA,NA,20,5,188,14,46,4,95,14,33,3,119,15,6030000,350000,315,39,57,9,76,2,15,2,85,9,9920000,620000,25,4,47,4,57,8,1.35,0.11,169160000,16230000,NA,NA,NA,NA,NA,NA,NA,NA,NA,NA,NA,NA,NA,NA,NA,NA,NA,NA,NA,NA,NA,NA,NA,NA,NA,NA,NA,NA
Cynomys sp.,1515,416240000,0.789,350084813,72177851,440658,39554,66155187,39268821,0.192,0.123,84802,54286,237220000,2.586,0.109,53768353,6044322,20866,3113,183451647,17959104,3.432,0.433,71202,9677,201833333,1.945,0.146,34090600,589361,17590,1335,167742733,5025290,4.923,NA,86542,6793,855293334,5.321,0.197,437943767,78742230,417349567,27350023,NA,NA,NA,NA,NA,NA,NA,NA,NA,NA,NA,NA,230.6,NA,NA,0.093,NA,NA,NA,NA,NA,NA,NA,NA,NA,NA,NA,NA,NA,NA,NA,NA,NA,NA,NA,NA,NA,NA,NA,NA,NA,NA,NA,NA,NA,NA,NA,NA,NA,NA,NA,NA,NA,NA,NA,NA,NA,NA,NA,NA,NA,NA,NA,NA,NA,NA,NA,NA,NA,NA,NA,NA,NA,NA,NA,NA,NA,NA,NA,NA,NA,NA,NA,NA,NA,NA,NA,NA,NA,NA,NA,NA,NA,NA,NA,NA,NA,NA,NA,NA
Damaliscus pygargus phillipsi,60000,2845631126,13.402,2401712670,NA,179206,NA,443918456,NA,0.184,NA,33123,NA,7332929658,111.31,NA,570673431,NA,5127,NA,6762256227,NA,11.851,NA,60760,NA,2222500002,30.006,NA,86428126,NA,2880,NA,2136071876,NA,24.718,NA,71188,NA,12402060786,154.718,NA,3058814227,NA,9343246559,NA,NA,NA,NA,NA,NA,NA,NA,NA,NA,NA,NA,NA,NA,NA,NA,NA,NA,NA,NA,NA,NA,NA,NA,NA,NA,NA,NA,NA,NA,NA,NA,NA,NA,NA,NA,NA,NA,NA,NA,NA,NA,NA,NA,NA,NA,NA,NA,NA,NA,NA,NA,NA,NA,NA,NA,NA,NA,NA,NA,NA,NA,NA,NA,NA,NA,NA,NA,NA,NA,NA,NA,NA,NA,NA,NA,NA,NA,NA,NA,NA,NA,NA,NA,NA,NA,NA,NA,NA,NA,NA,NA,NA,NA,NA,NA,NA,NA,NA,NA,NA
Dasyprocta prymnolopha,2843,829475000,2.742,673488085,48145960,253208,39447,155986915,32978520,0.234,0.066,57945,7405,526850000,8.913,1.214,110641950,2576768,13250,1633,416208050,950422,3.763,0.096,49939,7422,400040000,5.972,0.514,43204320,NA,6830,NA,356835680,NA,NA,NA,56408,NA,1746790000,17.628,1.9,795112070,NA,951677930,NA,NA,NA,NA,NA,0.737,58124085,88008,72595915,1.239,107301,NA,NA,196,NA,NA,NA,0.162,4952795,14973,19682805,1958,NA,NA,NA,NA,NA,NA,NA,NA,NA,NA,NA,NA,NA,NA,NA,NA,NA,NA,NA,NA,NA,NA,NA,NA,NA,NA,NA,NA,NA,NA,NA,NA,NA,NA,NA,NA,NA,NA,NA,NA,NA,NA,NA,NA,NA,NA,NA,NA,NA,NA,NA,0.233,NA,NA,NA,NA,NA,NA,NA,NA,NA,NA,NA,NA,NA,NA,NA,NA,NA,NA,NA,NA,NA,NA,NA,NA,NA,NA,NA
Dendrohyrax dorsalis,1150,438500000,1.918,360929350,NA,188180,NA,77570650,NA,0.215,NA,40444,NA,282500000,7.56,NA,98960000,NA,13098,NA,183540000,NA,1.855,NA,24291,NA,197138000,3.328,NA,44671471,NA,13423,NA,152466529,NA,3.413,NA,45813,NA,918146834,12.8,NA,504572834,NA,413574000,NA,0.0054,0.0479,0.0490013982300885,0.0602,NA,NA,NA,NA,NA,NA,0.0557082297679798,0.0296000002178322,NA,NA,NA,NA,NA,NA,NA,NA,NA,NA,NA,NA,NA,NA,NA,NA,NA,NA,NA,NA,NA,NA,NA,NA,NA,NA,NA,NA,NA,NA,NA,NA,NA,NA,NA,NA,NA,NA,NA,NA,NA,NA,NA,NA,NA,NA,NA,NA,NA,NA,NA,NA,NA,NA,NA,NA,NA,NA,NA,NA,NA,NA,NA,NA,NA,NA,NA,NA,NA,NA,NA,NA,NA,NA,NA,NA,NA,NA,NA,NA,NA,NA,NA,NA,NA,NA,NA,NA
Dendrolagus goodfellowi,13608,NA,4.236,1240000000,NA,292025,NA,NA,NA,0.249,NA,NA,NA,NA,19.57,NA,273430000,NA,13972,NA,NA,NA,4.603,NA,NA,NA,NA,7.742,NA,37860000,NA,4890,NA,NA,NA,12.685,NA,NA,NA,NA,31.548,NA,1550000000,NA,NA,NA,0.0066,0.0518999999126722,0.0524999997552521,0.0614,NA,NA,NA,NA,NA,NA,0.0573,0.0334999999652371,NA,NA,NA,NA,NA,NA,NA,NA,NA,NA,NA,NA,NA,NA,NA,NA,NA,NA,NA,NA,NA,NA,NA,NA,NA,NA,NA,NA,NA,NA,NA,NA,NA,NA,NA,NA,NA,NA,NA,NA,NA,NA,NA,NA,NA,NA,NA,NA,NA,NA,NA,NA,NA,NA,NA,NA,NA,NA,NA,NA,NA,NA,1.29,18150000,14073,NA,4.552,1.322,188300000,16599,2.721,5.066,29630000,5849,12.021,2.676,8230000,3075,15.077,NA,NA,NA,NA,NA,NA,NA,NA,NA
Didelphis aurita,1200,NA,0.778,334260000,NA,429647,NA,NA,NA,0.122,NA,NA,NA,NA,2.136,NA,42500000,NA,19897,NA,NA,NA,2.847,NA,NA,NA,NA,1.378,NA,15730000,NA,11417,NA,NA,NA,5.873,NA,NA,NA,NA,4.292,NA,392500000,NA,NA,NA,0.0143000003333056,0.0728129620631658,0.0708436329158447,0.0616,0.342,31340000,91646,NA,1.273,NA,0.0770000046237429,0.0393351185883295,NA,NA,NA,NA,NA,NA,NA,NA,NA,NA,NA,NA,NA,NA,NA,NA,NA,NA,NA,NA,NA,NA,NA,NA,NA,NA,NA,NA,NA,NA,NA,NA,NA,NA,NA,NA,NA,NA,NA,NA,NA,NA,NA,NA,NA,NA,NA,NA,NA,NA,NA,NA,NA,NA,NA,NA,NA,NA,NA,NA,NA,NA,0.386,7230000,18731,NA,3.149,0.648,31490000,21901,2.35,0.86,11510000,13384,5.001,0.518,4220000,8152,8.251,0.36,5270000,14636,4.139,0.5,6240000,12482,5.729,NA
Elephantulus myurus,45.1,112681000,0.168,89312372,2852000,531494,10651,23368628,1279000,0.261,0.005,139028,5956,52094000,0.471,0.021,25865000,4020000,54644,6098,26229000,1104000,1.032,0.119,55693,138,43010000,0.401,0.063,14012533,3258000,34520,2702,28997467,7906000,2.048,0.088,70967,8566,207785000,1.04,0.082,129190603,4424000,78594397,7733000,0.00729999733761681,0.0167999942119581,0.0224,0.0293,0.05,9693534,194678,4919466,0.507,97872,0.0308,0.0137999979553029,NA,NA,NA,NA,0.01,1745000,5708,NA,NA,NA,NA,NA,NA,NA,NA,NA,NA,NA,NA,NA,NA,NA,NA,NA,NA,NA,NA,NA,NA,NA,NA,NA,NA,NA,NA,NA,NA,NA,NA,NA,NA,NA,NA,NA,NA,NA,NA,NA,NA,NA,NA,NA,NA,NA,NA,NA,NA,NA,NA,NA,NA,NA,NA,NA,NA,NA,NA,NA,NA,NA,NA,NA,NA,NA,NA,NA,NA,NA,NA,NA,NA,NA,NA,NA,NA,NA,NA,NA
Epomophorus wahlbergi,74,NA,193487.671447305,121136246,NA,626067,NA,NA,NA,NA,NA,NA,NA,NA,634020.713352369,NA,26201540,NA,41326,NA,NA,NA,NA,NA,NA,NA,NA,386417.379184647,NA,14416846,NA,37309,NA,NA,NA,NA,NA,NA,NA,NA,1.224,NA,161754633,NA,NA,NA,NA,NA,NA,NA,NA,NA,NA,NA,NA,NA,NA,NA,NA,NA,NA,NA,NA,NA,NA,NA,NA,NA,NA,NA,NA,NA,NA,NA,NA,NA,NA,NA,NA,NA,NA,NA,NA,NA,NA,NA,NA,NA,NA,NA,NA,NA,NA,NA,NA,NA,NA,NA,NA,NA,NA,NA,NA,NA,NA,NA,NA,NA,NA,NA,NA,NA,NA,NA,NA,NA,NA,NA,NA,NA,NA,NA,NA,NA,NA,NA,NA,NA,NA,NA,NA,NA,NA,NA,NA,NA,NA,NA,NA,NA,NA,NA,NA,NA,NA,NA
Epomops franqueti,120,NA,286519.263867151,150660138,NA,525829,NA,NA,NA,NA,NA,NA,NA,NA,1040183.769561,NA,22533501,NA,21663,NA,NA,NA,NA,NA,NA,NA,NA,712157.233403758,NA,12808860,NA,17986,NA,NA,NA,NA,NA,NA,NA,NA,2.044,NA,186002499,NA,NA,NA,NA,NA,NA,NA,NA,NA,NA,NA,NA,NA,NA,NA,NA,NA,NA,NA,NA,NA,NA,NA,NA,NA,NA,NA,NA,NA,NA,NA,NA,NA,NA,NA,NA,NA,NA,NA,NA,NA,NA,NA,NA,NA,NA,NA,NA,NA,NA,NA,NA,NA,NA,NA,NA,NA,NA,NA,NA,NA,NA,NA,NA,NA,NA,NA,NA,NA,NA,NA,NA,NA,NA,NA,NA,NA,NA,NA,NA,NA,NA,NA,NA,NA,NA,NA,NA,NA,NA,NA,NA,NA,NA,NA,NA,NA,NA,NA,NA,NA,NA,NA
Felis catus,4500,1269000000,5.11,942900000,NA,184521,NA,326100000,NA,0.346,NA,NA,NA,1346930000,24.176,NA,249830000,NA,10334,NA,1097100000,NA,4.391,NA,NA,NA,328060000,5.572,NA,22470000,NA,4033,NA,305590000,NA,13.598,NA,NA,NA,2944000000,34.858,NA,1215210000,NA,1728790000,NA,0.0172,0.0558999999025674,0.0547000002784091,0.0305,NA,NA,NA,NA,NA,NA,0.0311000007620499,0.0359000000424592,NA,NA,NA,NA,NA,NA,NA,NA,NA,NA,NA,NA,NA,NA,NA,NA,NA,NA,NA,NA,NA,NA,NA,NA,NA,NA,NA,NA,NA,NA,NA,NA,NA,NA,NA,NA,NA,NA,NA,NA,NA,NA,NA,NA,NA,NA,NA,NA,NA,NA,NA,NA,NA,NA,NA,NA,NA,NA,NA,NA,NA,64000000,0.876,8050000,9187,55950000,6.952,1.423,NA,NA,NA,NA,NA,NA,NA,NA,NA,NA,NA,NA,NA,NA,NA,NA,NA,NA,NA,NA
Fukomys anselli,93.45,NA,NA,75440000,8900000,NA,NA,NA,NA,NA,NA,NA,NA,NA,NA,NA,9730000,2230000,NA,NA,NA,NA,NA,NA,NA,NA,NA,NA,NA,NA,NA,NA,NA,NA,NA,NA,NA,NA,NA,NA,NA,NA,93940000,11640000,NA,NA,NA,NA,NA,NA,NA,8880000,NA,NA,NA,NA,NA,NA,20.47,NA,NA,NA,NA,640000,NA,NA,NA,NA,NA,NA,NA,NA,NA,NA,NA,NA,NA,NA,NA,NA,NA,NA,26,5,200,52,38,4,82,23,35,5,132,32,3900000,1160000,291,40,55,15,71,9,15,3,84,11,4860000,900000,32,6,60,19,61,3,1.25,0.13,102820000,12280000,NA,NA,NA,NA,NA,NA,NA,NA,NA,NA,NA,NA,NA,NA,NA,NA,NA,NA,NA,NA,NA,NA,NA,NA,NA,NA,NA,NA
Fukomys damarensis,110.53,NA,NA,129960000,18150000,NA,NA,NA,NA,NA,NA,NA,NA,NA,NA,NA,21270000,590000,NA,NA,NA,NA,NA,NA,NA,NA,NA,NA,NA,NA,NA,NA,NA,NA,NA,NA,NA,NA,NA,NA,NA,NA,165750000,17260000,NA,NA,NA,NA,NA,NA,NA,12550000,NA,NA,NA,NA,NA,NA,30.29,NA,NA,NA,NA,1820000,NA,NA,NA,NA,NA,NA,NA,NA,NA,NA,NA,NA,NA,NA,NA,NA,NA,NA,22,2,201,46,44,6,95,12,39,7,110,9,4940000,1100000,311,60,59,8,88,8,15,1,102,17,9580000,1690000,27,4,56,14,64,7,1.39,0.14,178300000,19080000,NA,NA,NA,NA,NA,NA,NA,NA,NA,NA,NA,NA,NA,NA,NA,NA,NA,NA,NA,NA,NA,NA,NA,NA,NA,NA,NA,NA
Fukomys darlingi,115.19,NA,NA,84910000,3950000,NA,NA,NA,NA,NA,NA,NA,NA,NA,NA,NA,12490000,530000,NA,NA,NA,NA,NA,NA,NA,NA,NA,NA,NA,NA,NA,NA,NA,NA,NA,NA,NA,NA,NA,NA,NA,NA,105750000,2540000,NA,NA,NA,NA,NA,NA,NA,7600000,NA,NA,NA,NA,NA,NA,44.83,NA,NA,NA,NA,1250000,NA,NA,NA,NA,NA,NA,NA,NA,NA,NA,NA,NA,NA,NA,NA,NA,NA,NA,16,2,156,27,41,10,76,4,29,1,101,6,3140000,150000,271,19,43,10,77,9,16,3,99,16,5190000,810000,25,1,45,5,51,7,1.23,0.12,113350000,3790000,NA,NA,NA,NA,NA,NA,NA,NA,NA,NA,NA,NA,NA,NA,NA,NA,NA,NA,NA,NA,NA,NA,NA,NA,NA,NA,NA,NA
Fukomys mechowii,270.16,NA,NA,122640000,14340000,NA,NA,NA,NA,NA,NA,NA,NA,NA,NA,NA,23320000,940000,NA,NA,NA,NA,NA,NA,NA,NA,NA,NA,NA,NA,NA,NA,NA,NA,NA,NA,NA,NA,NA,NA,NA,NA,160130000,12470000,NA,NA,NA,NA,NA,NA,NA,14110000,NA,NA,NA,NA,NA,NA,52.85,NA,NA,NA,NA,2130000,NA,NA,NA,NA,NA,NA,NA,NA,NA,NA,NA,NA,NA,NA,NA,NA,NA,NA,35,10,391,58,71,13,137,11,60,7,242,87,4750000,980000,627,8,76,6,133,9,24,1,198,2,9420000,880000,41,1,82,13,116,13,2.15,0.24,174240000,14600000,NA,NA,NA,NA,NA,NA,NA,NA,NA,NA,NA,NA,NA,NA,NA,NA,NA,NA,NA,NA,NA,NA,NA,NA,NA,NA,NA,NA
Georychus capensis,155.09,NA,NA,116740000,10310000,NA,NA,NA,NA,NA,NA,NA,NA,NA,NA,NA,25600000,2090000,NA,NA,NA,NA,NA,NA,NA,NA,NA,NA,NA,NA,NA,NA,NA,NA,NA,NA,NA,NA,NA,NA,NA,NA,157210000,10000000,NA,NA,NA,NA,NA,NA,NA,12460000,NA,NA,NA,NA,NA,NA,39.08,NA,NA,NA,NA,1420000,NA,NA,NA,NA,NA,NA,NA,NA,NA,NA,NA,NA,NA,NA,NA,NA,NA,NA,28,3,250,14,53,8,114,19,50,6,151,21,5810000,340000,401,46,74,8,97,13,21,2,123,22,9060000,1130000,34,2,62,8,87,16,1.65,0.18,169670000,11420000,NA,NA,NA,NA,NA,NA,NA,NA,NA,NA,NA,NA,NA,NA,NA,NA,NA,NA,NA,NA,NA,NA,NA,NA,NA,NA,NA,NA
Giraffa camelopardalis,470000,14398437501,67.73,8878076563,NA,131080,NA,5520360938,NA,0.622,NA,81505,NA,29244220000,398.808,NA,1730513460,NA,4339,NA,27513706540,NA,15.9,NA,68990,NA,5021562501,70.68,NA,142697625,NA,2019,NA,4878864876,NA,34.19,NA,69028,NA,48664220000,537.218,NA,10751287650,NA,37912932350,NA,0.020699999982637,0.083478860732918,0.0831244775491961,0.0951,2.052,24678000,12026,232384500,9.417,113248,0.0985778504200635,0.0688635467766408,NA,NA,NA,NA,NA,NA,NA,NA,NA,NA,NA,NA,NA,NA,NA,NA,NA,NA,NA,NA,NA,NA,NA,NA,NA,NA,NA,NA,NA,NA,NA,NA,NA,NA,NA,NA,NA,NA,NA,NA,NA,NA,NA,NA,NA,NA,NA,NA,NA,NA,NA,NA,NA,NA,NA,NA,NA,NA,NA,NA,NA,NA,NA,NA,NA,NA,NA,NA,NA,NA,NA,NA,NA,NA,NA,NA,NA,NA,NA,NA,NA,NA,NA,NA,NA,NA,NA,NA
Gorilla gorilla,NA,29300000000,37.56,26400000000,NA,702875,NA,2900000000,NA,0.11,NA,77210,NA,NA,NA,NA,NA,NA,NA,NA,NA,NA,NA,NA,NA,NA,NA,NA,NA,NA,NA,NA,NA,NA,NA,NA,NA,NA,NA,NA,NA,NA,NA,NA,NA,NA,NA,NA,NA,NA,NA,NA,NA,NA,NA,NA,NA,NA,NA,NA,NA,NA,NA,NA,NA,NA,NA,NA,NA,NA,NA,NA,NA,NA,NA,NA,NA,NA,NA,NA,NA,NA,NA,NA,NA,NA,NA,NA,NA,NA,NA,NA,NA,NA,NA,NA,NA,NA,NA,NA,NA,NA,NA,NA,NA,NA,NA,NA,NA,NA,NA,NA,NA,NA,NA,NA,NA,NA,NA,NA,NA,NA,NA,NA,NA,NA,NA,NA,NA,NA,NA,NA,NA,NA,NA,NA,NA,NA,NA,NA,NA,NA,NA,NA,NA,NA
Heliophobius argenteocinereus,180.51,NA,NA,94820000,1970000,NA,NA,NA,NA,NA,NA,NA,NA,NA,NA,NA,25440000,2230000,NA,NA,NA,NA,NA,NA,NA,NA,NA,NA,NA,NA,NA,NA,NA,NA,NA,NA,NA,NA,NA,NA,NA,NA,137640000,4650000,NA,NA,NA,NA,NA,NA,NA,10300000,NA,NA,NA,NA,NA,NA,35.45,NA,NA,NA,NA,2150000,NA,NA,NA,NA,NA,NA,NA,NA,NA,NA,NA,NA,NA,NA,NA,NA,NA,NA,34,4,215,37,56,4,115,8,42,5,120,22,5460000,840000,457,25,60,8,107,4,18,2,127,11,11920000,1130000,28,3,56,3,90,5,1.65,0.12,147940000,6800000,NA,NA,NA,NA,NA,NA,NA,NA,NA,NA,NA,NA,NA,NA,NA,NA,NA,NA,NA,NA,NA,NA,NA,NA,NA,NA,NA,NA
Heterocephalus glaber,30.520000000000003,21225000,0.048,18131135,2929627,327280,48331,5482730,1274352,0.356,0.106,115748,32952,14550000,0.184,0.026,5730937.5,687793.5,33374,2063,8398125,1197056,1.365,0.125,45894,11497,15291667,0.16,0.019,4981317,853026,31674,8484,10310350,1843572,2.125,NA,64145,3790,51066667,0.392,0.045,28742731,3335043.5,24191205,1739102,NA,NA,NA,NA,0.021,2656515,108895,3571970,1.516,167991,NA,NA,8.96,NA,NA,0.004,0.001,483049.5,22957,1548861,62442,NA,NA,NA,NA,NA,NA,NA,NA,NA,NA,NA,NA,NA,NA,NA,12,1,48,5,14,4,32,6,17,1,47,6,1910000,280000,100,5,20,3,39,5,4.1,0.4,29,4,2860000,500000,10,3,19,4,23,3,0.44,0.04,33620000,3660000,0.254,NA,NA,NA,NA,NA,NA,NA,NA,NA,NA,NA,NA,NA,NA,NA,NA,NA,NA,NA,NA,NA,NA,NA,NA,NA,NA,NA
Homo sapiens,70000,85070000000,154.02,69030000000,6650000000,471660,90393,16040000000,2170000,0.232,0.019,101020,19800,77180000000,1232.93,233.68,16340000000,2170000000,13520,3636,60840000000,7020000000,3.723,0.675,49230,3755,8420000000,117.66,45.42,690000000,120000000,6560,2115,7730000000,1450000000,11.203,2.352,69850,20026,170670000000,1508.91,299.14,86060000000,8120000000,84610000000,9830000000,NA,0.0274503608329351,0.0277194038541896,0.0404,NA,NA,NA,NA,NA,NA,NA,NA,NA,NA,NA,19.29,NA,NA,NA,NA,NA,NA,NA,NA,NA,NA,NA,NA,NA,NA,NA,NA,NA,NA,NA,NA,NA,NA,NA,NA,NA,NA,NA,NA,NA,NA,NA,NA,NA,NA,NA,NA,NA,NA,NA,NA,NA,NA,NA,NA,NA,NA,NA,NA,NA,NA,NA,NA,NA,NA,NA,NA,NA,NA,NA,NA,NA,NA,NA,NA,NA,NA,NA,NA,NA,NA,NA,NA,NA,NA,NA,NA,NA,NA,NA,NA,NA,NA,NA,NA
Hyaena hyaena,40000,3928120000,14.032,3333830000,NA,237588,NA,594290000,NA,0.178,NA,NA,NA,3473040000,67.45,NA,495280000,NA,7343,NA,2977760000,NA,6.012,NA,NA,NA,984830000,17.732,NA,55490000,NA,3129,NA,929340000,NA,16.749,NA,NA,NA,8385990000,99.214,NA,3884600000,NA,4501390000,NA,NA,NA,NA,NA,NA,NA,NA,NA,NA,NA,NA,NA,NA,NA,NA,NA,NA,NA,NA,NA,NA,NA,NA,NA,NA,NA,NA,NA,NA,NA,NA,NA,NA,NA,NA,NA,NA,NA,NA,NA,NA,NA,NA,NA,NA,NA,NA,NA,NA,NA,NA,NA,NA,NA,NA,NA,NA,NA,NA,NA,NA,NA,NA,NA,NA,NA,NA,NA,NA,NA,NA,NA,NA,158060000,3.366,18240000,5418,139820000,7.667,1.159,NA,NA,NA,NA,NA,NA,NA,NA,NA,NA,NA,NA,NA,NA,NA,NA,NA,NA,NA,NA
Hydrochoerus hydrochaeris,47500,1728750000,6.632,1157810000,5515433,177982,34889,570940000,81105148,0.493,0.068,86574,4902,2154320000,48.175,2.714,306501565,62726120,6336,945,1847818435,512392109,5.983,0.447,38117,8489,887420000,19.927,0.27,108250000,4400000,5434,NA,779170000,381900000,NA,NA,39234,NA,4770490000,74.734,3.756,1572560385,72641426,3197929615,974583717,NA,NA,NA,NA,1.302,28560310,21864,67389690,2.333,51544,NA,NA,3536,NA,NA,1.312,0.031,8515588,6018,21015416,17981,NA,NA,NA,NA,NA,NA,NA,NA,NA,NA,NA,NA,NA,NA,NA,NA,NA,NA,NA,NA,NA,NA,NA,NA,NA,NA,NA,NA,NA,NA,NA,NA,NA,NA,NA,NA,NA,NA,NA,NA,NA,NA,NA,NA,NA,NA,NA,NA,NA,NA,NA,0.18,NA,NA,NA,NA,NA,NA,NA,NA,NA,NA,NA,NA,NA,NA,NA,NA,NA,NA,NA,NA,NA,NA,NA,NA,NA,NA,NA
Hypsignathus monstrosus,310,NA,456468.399731026,221298619,NA,484806,NA,NA,NA,NA,NA,NA,NA,NA,1805770.56598175,NA,24343593,NA,13481,NA,NA,NA,NA,NA,NA,NA,NA,1169868.78139686,NA,28877041,NA,24684,NA,NA,NA,NA,NA,NA,NA,NA,3.459,NA,274519253,NA,NA,NA,NA,NA,NA,NA,NA,NA,NA,NA,NA,NA,NA,NA,NA,NA,NA,NA,NA,NA,NA,NA,NA,NA,NA,NA,NA,NA,NA,NA,NA,NA,NA,NA,NA,NA,NA,NA,NA,NA,NA,NA,NA,NA,NA,NA,NA,NA,NA,NA,NA,NA,NA,NA,NA,NA,NA,NA,NA,NA,NA,NA,NA,NA,NA,NA,NA,NA,NA,NA,NA,NA,NA,NA,NA,NA,NA,NA,NA,NA,NA,NA,NA,NA,NA,NA,NA,NA,NA,NA,NA,NA,NA,NA,NA,NA,NA,NA,NA,NA,NA,NA
Loxodonta africana,5000000,289215757500,1171.628,250708527536,NA,213983,NA,38507229964,NA,0.154,NA,32866,NA,61292239720,2847.594,NA,5593241033,NA,1964,NA,55698998687,NA,26.844,NA,52721,NA,28146011000,564.674,NA,741704844,NA,1314,NA,27404306156,NA,36.948,NA,48531,NA,473101455749,4618.62,NA,257043473412,NA,216057982337,NA,0.0244601690495357,0.0725523106688601,0.0726892158570219,0.113019171721753,41.886,908371986,21687,2857878014,3.146,68230,0.0692041201088811,0.0437798363145724,NA,NA,NA,NA,NA,NA,NA,NA,NA,NA,NA,NA,NA,NA,NA,NA,NA,NA,NA,NA,NA,NA,NA,NA,NA,NA,NA,NA,NA,NA,NA,NA,NA,NA,NA,NA,NA,NA,NA,NA,NA,NA,NA,NA,NA,NA,NA,NA,NA,NA,NA,NA,NA,NA,NA,NA,NA,NA,NA,NA,NA,NA,NA,NA,NA,NA,NA,NA,NA,NA,NA,NA,NA,NA,NA,NA,NA,NA,NA,NA,NA,NA,NA,NA,NA,NA,NA,NA
Macaca fascicularis,5700,2708000000,5.642,2572600000,NA,455973,NA,135400000,NA,0.053,NA,23999,NA,3559800000,36.226,NA,800955000,NA,22110,NA,2758845000,NA,3.444,NA,76156,NA,325620000,4.294,NA,65449620,NA,15242,NA,260170380,NA,3.975,NA,60589,NA,6593420000,46.162,NA,3439004620,NA,3154415380,NA,NA,NA,0.0404594820448665,NA,NA,NA,NA,NA,NA,NA,NA,NA,NA,46.162,3439,NA,NA,NA,NA,NA,NA,NA,NA,7.499,NA,11.38,NA,1518,NA,360.62,NA,48090,NA,0.13,13.97,0.33,NA,NA,NA,NA,NA,NA,NA,NA,NA,NA,NA,NA,NA,NA,NA,NA,NA,NA,NA,NA,NA,NA,NA,NA,NA,NA,NA,NA,NA,NA,NA,NA,NA,NA,NA,NA,NA,NA,NA,NA,NA,NA,NA,NA,NA,NA,NA,NA,NA,NA,NA,NA,NA,NA,NA,NA,NA,NA,NA,NA,NA,NA,NA,NA
Macaca mulatta,3900,5481030000,7.694,4550000000,NA,590800,NA,931030000,NA,0.205,NA,121010,NA,6980000000,69.832,NA,1710000000,NA,24470,NA,5270000000,NA,3.082,NA,75400,NA,1088420000,9.204,0.871,121900000,NA,12410,NA,966520000,NA,7.929,NA,98420,NA,13539060000,87.346,NA,6376160000,NA,7162900000,NA,NA,NA,NA,NA,0.088,8473800,96293,11006200,1.299,125070,NA,NA,2452.4,87.346,6380,NA,NA,NA,NA,NA,NA,247.46,15.23,8.511,1.601,10,2.95,1176,1597,379.72,54.72,45555,7967,0.1,8.88,0.16,NA,NA,NA,NA,NA,NA,NA,NA,NA,NA,NA,NA,NA,NA,NA,NA,NA,NA,NA,NA,NA,NA,NA,NA,NA,NA,NA,NA,NA,NA,NA,NA,NA,NA,NA,NA,NA,NA,NA,NA,NA,NA,NA,NA,NA,NA,NA,NA,NA,NA,NA,NA,NA,NA,NA,NA,NA,NA,NA,NA,NA,NA,NA,NA
Macaca nemestrina,NA,NA,NA,NA,NA,NA,NA,NA,NA,NA,NA,NA,NA,NA,NA,NA,NA,NA,NA,NA,NA,NA,NA,NA,NA,NA,NA,NA,NA,NA,NA,NA,NA,NA,NA,NA,NA,NA,NA,NA,NA,NA,NA,NA,NA,NA,NA,NA,0.0355748307221349,NA,NA,NA,NA,NA,NA,NA,NA,NA,NA,NA,NA,NA,NA,NA,NA,NA,NA,NA,NA,NA,NA,NA,NA,NA,NA,NA,NA,NA,NA,NA,NA,NA,NA,NA,NA,NA,NA,NA,NA,NA,NA,NA,NA,NA,NA,NA,NA,NA,NA,NA,NA,NA,NA,NA,NA,NA,NA,NA,NA,NA,NA,NA,NA,NA,NA,NA,NA,NA,NA,NA,NA,NA,NA,NA,NA,NA,NA,NA,NA,NA,NA,NA,NA,NA,NA,NA,NA,NA,NA,NA,NA,NA,NA,NA,NA,NA
Macaca radiata,8012,2492120000,5.748,2038554160,NA,354655,NA,453565840,NA,0.222,NA,78908,NA,5464380000,48.274,NA,1655707140,NA,34298,NA,3808672860,NA,2.3,NA,78897,NA,678000000,7.448,NA,61359000,NA,8238,NA,616641000,NA,10.05,NA,82793,NA,8634500000,61.47,NA,3755620300,NA,4878879700,NA,NA,NA,NA,NA,NA,NA,NA,NA,NA,NA,NA,NA,2039.8,61.47,3755.62,NA,NA,NA,NA,NA,NA,264.6,26.38,7.842,2.317,9.06,3.05,1173,155,335.94,110.72,45664,3911,0.1,11.31,0.24,NA,NA,NA,NA,NA,NA,NA,NA,NA,NA,NA,NA,NA,NA,NA,NA,NA,NA,NA,NA,NA,NA,NA,NA,NA,NA,NA,NA,NA,NA,NA,NA,NA,NA,NA,NA,NA,NA,NA,NA,NA,NA,NA,NA,NA,NA,NA,NA,NA,NA,NA,NA,NA,NA,NA,NA,NA,NA,NA,NA,NA,NA,NA,NA
Macronycteris commersoni,101.9,NA,107286.493976527,51875702,NA,483525,NA,NA,NA,NA,NA,NA,NA,NA,243098.006541998,NA,7877834,NA,32406,NA,NA,NA,NA,NA,NA,NA,NA,237991.492124235,NA,6965297,NA,29267,NA,NA,NA,NA,NA,NA,NA,NA,0.588,NA,66718833,NA,NA,NA,NA,NA,NA,NA,NA,NA,NA,NA,NA,NA,NA,NA,NA,NA,NA,NA,NA,NA,NA,NA,NA,NA,NA,NA,NA,NA,NA,NA,NA,NA,NA,NA,NA,NA,NA,NA,NA,NA,NA,NA,NA,NA,NA,NA,NA,NA,NA,NA,NA,NA,NA,NA,NA,NA,NA,NA,NA,NA,NA,NA,NA,NA,NA,NA,NA,NA,NA,NA,NA,NA,NA,NA,NA,NA,NA,NA,NA,NA,NA,NA,NA,NA,NA,NA,NA,NA,NA,NA,NA,NA,NA,NA,NA,NA,NA,NA,NA,NA,NA,NA
Macropus fuliginosus,25855,NA,7.358,1990000000,NA,270449,NA,NA,NA,0.368,NA,NA,NA,NA,40.194,NA,370170000,NA,9210,NA,NA,NA,6.404,NA,NA,NA,NA,15.172,NA,97740000,NA,6442,NA,NA,NA,11.744,NA,NA,NA,NA,62.724,NA,2460000000,NA,NA,NA,0.0084,0.058,0.0590000001824393,0.0703,NA,NA,NA,NA,NA,NA,0.065,0.0396,NA,NA,NA,NA,NA,NA,NA,NA,NA,NA,NA,NA,NA,NA,NA,NA,NA,NA,NA,NA,NA,NA,NA,NA,NA,NA,NA,NA,NA,NA,NA,NA,NA,NA,NA,NA,NA,NA,NA,NA,NA,NA,NA,NA,NA,NA,NA,NA,NA,NA,NA,NA,NA,NA,NA,NA,NA,NA,NA,NA,NA,NA,2.938,44770000,15238,NA,4.076,1.729,271030000,11254,4.12,10.81,76400000,7067,11.723,4.362,21340000,4893,11.821,NA,NA,NA,NA,NA,NA,NA,NA,NA
Marmosops incanus,100,NA,0.158,82400000,NA,521513,NA,NA,NA,0.292,NA,NA,NA,NA,0.408,NA,20410000,NA,50033,NA,NA,NA,1.84,NA,NA,NA,NA,0.344,NA,9240000,NA,26857,NA,NA,NA,2.878,NA,NA,NA,NA,0.91,NA,112050000,NA,NA,NA,0.0074,0.0494,0.0485000086244071,0.0412,0.084,5520000,65674,NA,0.958,NA,0.0651000139567341,0.0296,NA,NA,NA,NA,NA,NA,NA,NA,NA,NA,NA,NA,NA,NA,NA,NA,NA,NA,NA,NA,NA,NA,NA,NA,NA,NA,NA,NA,NA,NA,NA,NA,NA,NA,NA,NA,NA,NA,NA,NA,NA,NA,NA,NA,NA,NA,NA,NA,NA,NA,NA,NA,NA,NA,NA,NA,NA,NA,NA,NA,NA,NA,0.06,2580000,43036,NA,1.43,0.788,NA,NA,NA,0.196,6440000,32846,2.514,0.148,2800000,18926,3.713,0.104,3370000,32394,2.695,0.092,3070000,33356,2.316,NA
Megaloglossus woermanni,17.9,NA,79305.1766641897,49734021,NA,627122,NA,NA,NA,NA,NA,NA,NA,NA,309097.66173032,NA,11897169,NA,38490,NA,NA,NA,NA,NA,NA,NA,NA,159082.78004271,NA,4097177,NA,25755,NA,NA,NA,NA,NA,NA,NA,NA,0.55,NA,65728366,NA,NA,NA,NA,NA,NA,NA,NA,NA,NA,NA,NA,NA,NA,NA,NA,NA,NA,NA,NA,NA,NA,NA,NA,NA,NA,NA,NA,NA,NA,NA,NA,NA,NA,NA,NA,NA,NA,NA,NA,NA,NA,NA,NA,NA,NA,NA,NA,NA,NA,NA,NA,NA,NA,NA,NA,NA,NA,NA,NA,NA,NA,NA,NA,NA,NA,NA,NA,NA,NA,NA,NA,NA,NA,NA,NA,NA,NA,NA,NA,NA,NA,NA,NA,NA,NA,NA,NA,NA,NA,NA,NA,NA,NA,NA,NA,NA,NA,NA,NA,NA,NA,NA
Mesocricetus auratus,168.1,68640000,0.145,61210000,12351246,424002,3743,7430000,1713108,0.121,0.004,51332,1054,59010000,0.446,0.048,17140000,3619934,39099,12332,41870000,1350121,2.507,0.608,94271,7136,27200000,0.375,0.057,5870000,1162059,15611,715,21330000,8878857,3.556,NA,55804,15174,154860000,0.965,0.136,84220000,9893371,70640000,11942086,NA,NA,NA,NA,0.055,5747930,105418,5507170,0.972,96197,NA,NA,13.6,NA,NA,0.03,0.011,347203,27498,2277605,21237,NA,NA,NA,NA,NA,NA,NA,NA,NA,NA,NA,NA,NA,NA,NA,NA,NA,NA,NA,NA,NA,NA,NA,NA,NA,NA,NA,NA,NA,NA,NA,NA,NA,NA,NA,NA,NA,NA,NA,NA,NA,NA,NA,NA,NA,NA,NA,NA,NA,NA,NA,0.455,NA,NA,NA,NA,NA,NA,NA,NA,NA,NA,NA,NA,NA,NA,NA,NA,NA,NA,NA,NA,NA,NA,NA,NA,NA,NA,NA
Metachirus nudicaudatus,407,NA,0.342,134130000,NA,392196,NA,NA,NA,0.24,NA,NA,NA,NA,0.992,NA,20190000,NA,20354,NA,NA,NA,3.199,NA,NA,NA,NA,0.674,NA,11270000,NA,16725,NA,NA,NA,4.878,NA,NA,NA,NA,2.008,NA,165590000,NA,NA,NA,0.0104,0.0306,0.0313000058979652,0.0353,0.206,31380000,152341,NA,0.647,NA,0.0553999962267711,0.0253999992122107,NA,NA,NA,NA,NA,NA,NA,NA,NA,NA,NA,NA,NA,NA,NA,NA,NA,NA,NA,NA,NA,NA,NA,NA,NA,NA,NA,NA,NA,NA,NA,NA,NA,NA,NA,NA,NA,NA,NA,NA,NA,NA,NA,NA,NA,NA,NA,NA,NA,NA,NA,NA,NA,NA,NA,NA,NA,NA,NA,NA,NA,NA,0.144,4190000,29109,NA,1.899,0.916,NA,NA,NA,0.392,7510000,19161,4.489,0.282,3760000,13338,5.653,0.234,3890000,16618,5.707,0.158,3620000,22926,3.182,NA
Microcebus murinus,60,238820000,0.391,221386140,NA,566205,NA,17433860,NA,0.079,NA,44588,NA,92960000,0.908,NA,22310400,NA,24571,NA,70649600,NA,3.167,NA,77808,NA,61880000,0.5,NA,11014640,NA,22029,NA,50865360,NA,4.618,NA,101731,NA,393660000,1.799,NA,254711180,NA,138948820,NA,NA,NA,NA,NA,0.03,7636912,270894,9723088,1.273,341900,NA,NA,NA,1.799,254.71,NA,0.008,119088,61946,842576,54311,NA,NA,0.235,NA,1.68,NA,7150,NA,21.27,NA,90398,NA,0.39,11.55,0.66,NA,NA,NA,NA,NA,NA,NA,NA,NA,NA,NA,NA,NA,NA,NA,NA,NA,NA,NA,NA,NA,NA,NA,NA,NA,NA,NA,NA,NA,NA,NA,NA,NA,NA,NA,NA,NA,NA,NA,NA,NA,NA,NA,NA,NA,NA,NA,NA,NA,NA,NA,NA,NA,NA,NA,NA,NA,NA,NA,NA,NA,NA,NA,NA
Miniopterus schreibersii,11.6,NA,48531.9852158389,44447776,NA,915845,NA,NA,NA,NA,NA,NA,NA,NA,85806.4733364199,NA,6116028,NA,71277,NA,NA,NA,NA,NA,NA,NA,NA,86057.9352746436,NA,5094974,NA,59204,NA,NA,NA,NA,NA,NA,NA,NA,0.219,NA,55658777,NA,NA,NA,NA,NA,NA,NA,NA,NA,NA,NA,NA,NA,NA,NA,NA,NA,NA,NA,NA,NA,NA,NA,NA,NA,NA,NA,NA,NA,NA,NA,NA,NA,NA,NA,NA,NA,NA,NA,NA,NA,NA,NA,NA,NA,NA,NA,NA,NA,NA,NA,NA,NA,NA,NA,NA,NA,NA,NA,NA,NA,NA,NA,NA,NA,NA,NA,NA,NA,NA,NA,NA,NA,NA,NA,NA,NA,NA,NA,NA,NA,NA,NA,NA,NA,NA,NA,NA,NA,NA,NA,NA,NA,NA,NA,NA,NA,NA,NA,NA,NA,NA,NA
Mops pumilus,5.4,NA,36306.5668838663,25324375,NA,697515,NA,NA,NA,NA,NA,NA,NA,NA,84110.3528603641,NA,5632618,NA,66967,NA,NA,NA,NA,NA,NA,NA,NA,84717.9242886179,NA,4001397,NA,47232,NA,NA,NA,NA,NA,NA,NA,NA,0.208,NA,34958391,NA,NA,NA,NA,NA,NA,NA,NA,NA,NA,NA,NA,NA,NA,NA,NA,NA,NA,NA,NA,NA,NA,NA,NA,NA,NA,NA,NA,NA,NA,NA,NA,NA,NA,NA,NA,NA,NA,NA,NA,NA,NA,NA,NA,NA,NA,NA,NA,NA,NA,NA,NA,NA,NA,NA,NA,NA,NA,NA,NA,NA,NA,NA,NA,NA,NA,NA,NA,NA,NA,NA,NA,NA,NA,NA,NA,NA,NA,NA,NA,NA,NA,NA,NA,NA,NA,NA,NA,NA,NA,NA,NA,NA,NA,NA,NA,NA,NA,NA,NA,NA,NA,NA
Mungos mungo,1500,470000000,1.548,315740000,NA,203966,NA,154260000,NA,0.489,NA,NA,NA,462330000,9.29,NA,115770000,NA,12462,NA,346560000,NA,2.994,NA,NA,NA,174050000,3.454,NA,22510000,NA,6518,NA,151540000,NA,6.731,NA,NA,NA,1106390000,14.292,NA,454020000,NA,652370000,NA,0.0185,NA,NA,0.0337000195121951,NA,NA,NA,NA,NA,NA,0.038,NA,NA,NA,NA,NA,NA,NA,NA,NA,NA,NA,NA,NA,NA,NA,NA,NA,NA,NA,NA,NA,NA,NA,NA,NA,NA,NA,NA,NA,NA,NA,NA,NA,NA,NA,NA,NA,NA,NA,NA,NA,NA,NA,NA,NA,NA,NA,NA,NA,NA,NA,NA,NA,NA,NA,NA,NA,NA,NA,NA,NA,NA,25620000,0.428,2660000,6225,22960000,8.618,1.437,NA,NA,NA,NA,NA,NA,NA,NA,NA,NA,NA,NA,NA,NA,NA,NA,NA,NA,NA,NA
Mus musculus,40.4,49167499,0.056,42219708,9277647,746691,128541,6947791,1502773,0.165,0.017,123493,25715,25750000,0.173,0.015,13688162,2242257,78672,7683,12061838,3668594,0.87,0.177,68643,15807,26810000,0.172,0.019,11960000,1577022,64301,6623,14850000,3590591,1.242,NA,79839,11249,101732500,0.402,0.028,67873741,10406194,33858759,6657119,NA,NA,NA,NA,0.014,3893300,257475,5456700,1.454,371204,NA,NA,11.6,NA,NA,0.005,0.004,1246396,34036,1154502,75573,NA,NA,NA,NA,NA,NA,NA,NA,NA,NA,NA,NA,NA,NA,NA,NA,NA,NA,NA,NA,NA,NA,NA,NA,NA,NA,NA,NA,NA,NA,NA,NA,NA,NA,NA,NA,NA,NA,NA,NA,NA,NA,NA,NA,NA,NA,NA,NA,NA,NA,NA,0.26,NA,NA,NA,NA,NA,NA,NA,NA,NA,NA,NA,NA,NA,NA,NA,NA,NA,NA,NA,NA,NA,NA,NA,NA,NA,NA,NA
Mustela putorius furo,800,430860000,0.92,351260000,NA,381810,NA,79600000,NA,0.227,NA,NA,NA,303010000,3.123,NA,38950000,NA,12473,NA,264060000,NA,6.779,NA,NA,NA,143540000,1.386,NA,14210000,NA,10253,NA,129330000,NA,9.101,NA,NA,NA,877410000,5.429,NA,404430000,NA,472980000,NA,0.0205,0.0647999986691716,0.0673000004620337,0.0879,0.25,14040000,56150,43480000,3.097,NA,0.0895000017416445,0.0480000004558869,NA,NA,NA,NA,NA,NA,NA,NA,NA,NA,NA,NA,NA,NA,NA,NA,NA,NA,NA,NA,NA,NA,NA,NA,NA,NA,NA,NA,NA,NA,NA,NA,NA,NA,NA,NA,NA,NA,NA,NA,NA,NA,NA,NA,NA,NA,NA,NA,NA,NA,NA,NA,NA,NA,NA,NA,NA,NA,NA,NA,NA,32500000,0.329,3190000,9702,29310000,9.182,1.253,NA,NA,NA,NA,NA,NA,NA,NA,NA,NA,NA,NA,NA,NA,NA,NA,NA,NA,NA,NA
Notamacropus parma,4268,NA,1.69,558080000,NA,330225,NA,NA,NA,0.447,NA,NA,NA,NA,9.914,NA,135620000,NA,13680,NA,NA,NA,5.411,NA,NA,NA,NA,4.11,NA,17420000,NA,4238,NA,NA,NA,19.221,NA,NA,NA,NA,15.714,NA,711130000,NA,NA,NA,0.00730000034641032,0.0539000003329859,0.0555000002875108,0.0657,NA,NA,NA,NA,NA,NA,0.0575,0.038,NA,NA,NA,NA,NA,NA,NA,NA,NA,NA,NA,NA,NA,NA,NA,NA,NA,NA,NA,NA,NA,NA,NA,NA,NA,NA,NA,NA,NA,NA,NA,NA,NA,NA,NA,NA,NA,NA,NA,NA,NA,NA,NA,NA,NA,NA,NA,NA,NA,NA,NA,NA,NA,NA,NA,NA,NA,NA,NA,NA,NA,NA,1.238,8480000,6849,NA,13.006,1.733,117630000,18707,3.494,2.948,12650000,4290,20.645,1.162,4770000,4107,15.447,NA,NA,NA,NA,NA,NA,NA,NA,NA
Notamacropus rufogriseus,11110,NA,3.572,1020000000,NA,286273,NA,NA,NA,0.289,NA,NA,NA,NA,16.102,NA,256780000,NA,15947,NA,NA,NA,4.545,NA,NA,NA,NA,7.32,NA,42480000,NA,5803,NA,NA,NA,12.462,NA,NA,NA,NA,26.994,NA,1320000000,NA,NA,NA,0.0092,0.06669999990079,0.069200000351135,0.0885,NA,NA,NA,NA,NA,NA,0.0639000004372063,0.0428000001438687,NA,NA,NA,NA,NA,NA,NA,NA,NA,NA,NA,NA,NA,NA,NA,NA,NA,NA,NA,NA,NA,NA,NA,NA,NA,NA,NA,NA,NA,NA,NA,NA,NA,NA,NA,NA,NA,NA,NA,NA,NA,NA,NA,NA,NA,NA,NA,NA,NA,NA,NA,NA,NA,NA,NA,NA,NA,NA,NA,NA,NA,NA,1.796,10770000,5999,NA,14.221,1.629,207740000,21631,2.589,5.93,35060000,5912,11.579,1.39,7420000,5336,16.637,NA,NA,NA,NA,NA,NA,NA,NA,NA
Oryctolagus cuniculus,4600,521250000,1.412,396671250,NA,280929,NA,124578750,NA,1.222,NA,88229,NA,326250000,4.448,NA,71448750,NA,16063,NA,254801250,NA,3.566,NA,57284,NA,277500000,3.272,NA,26085000,NA,7972,NA,251415000,NA,NA,NA,76838,NA,1125000000,9.132,NA,494205000,NA,630795000,NA,NA,NA,NA,NA,0.156,18765000,120288,22935000,1.222,147019,NA,NA,NA,NA,NA,NA,NA,NA,NA,NA,NA,NA,NA,NA,NA,NA,NA,NA,NA,NA,NA,NA,NA,NA,NA,NA,NA,NA,NA,NA,NA,NA,NA,NA,NA,NA,NA,NA,NA,NA,NA,NA,NA,NA,NA,NA,NA,NA,NA,NA,NA,NA,NA,NA,NA,NA,NA,NA,NA,NA,NA,NA,NA,NA,NA,NA,NA,NA,NA,NA,NA,NA,NA,NA,NA,NA,NA,NA,NA,NA,NA,NA,NA,NA,NA,NA,NA,NA,NA,NA
Osphranter rufus,13154,NA,4.786,1530000000,NA,320282,NA,NA,NA,0.278,NA,NA,NA,NA,NA,NA,NA,NA,NA,NA,NA,NA,NA,NA,NA,NA,NA,NA,NA,NA,NA,NA,NA,NA,NA,NA,NA,NA,NA,NA,NA,NA,NA,NA,NA,NA,0.0157999998988174,NA,NA,NA,NA,NA,NA,NA,NA,NA,NA,NA,NA,NA,NA,NA,NA,NA,NA,NA,NA,NA,NA,NA,NA,NA,NA,NA,NA,NA,NA,NA,NA,NA,NA,NA,NA,NA,NA,NA,NA,NA,NA,NA,NA,NA,NA,NA,NA,NA,NA,NA,NA,NA,NA,NA,NA,NA,NA,NA,NA,NA,NA,NA,NA,NA,NA,NA,NA,NA,NA,NA,NA,NA,NA,NA,NA,NA,NA,NA,NA,NA,NA,NA,NA,NA,NA,2.886,19340000,6700,10.765,NA,NA,NA,NA,NA,NA,NA,NA,0.0786
Otolemur garnettii,946.7,809460000,1.196,743500000,52450000,623080,45720,65960000,20290000,0.089,NA,54460,11890,628160000,6.29,0.863,226090000,87570000,37820,20500,402070000,74790000,1.778,NA,63610,3400,168240000,2.131,0.021,20800000,12280000,9730,5920,147440000,64500000,7.088,NA,69040,NA,1602590000,10.15,0.06,936000000,115360000,666590000,63500000,NA,NA,0.0797051679685466,NA,0.2,30237060,149219,34244000,1.133,170505,NA,NA,102.6,10.15,936,0.105,0.016,9645480,47590,7155556,39463,152,13.34,1.528,0.292,5.73,1.17,3847,764,88.47,14.6,59593,10308,0.14,13.08,0.61,NA,NA,NA,NA,NA,NA,NA,NA,NA,NA,NA,NA,NA,NA,NA,NA,NA,NA,NA,NA,NA,NA,NA,NA,NA,NA,NA,NA,NA,NA,NA,NA,NA,NA,NA,NA,NA,NA,NA,NA,NA,NA,NA,NA,NA,NA,NA,NA,NA,NA,NA,NA,NA,NA,NA,NA,NA,NA,NA,NA,NA,NA,NA,NA
Panthera leo,180000,7093750000,24.882,4049750000,NA,162758,NA,3044000000,NA,0.752,NA,NA,NA,7806210000,139.902,NA,545240000,NA,3897,NA,7260970000,NA,13.317,NA,NA,NA,2165900000,34.162,NA,72040000,NA,2109,NA,2093860000,NA,29.063,NA,NA,NA,17065870000,198.946,NA,4667030000,NA,12398840000,NA,0.0175,0.103000000032828,0.101900000067254,0.0571,NA,NA,NA,NA,NA,NA,0.0973,0.0662000000263684,NA,NA,NA,NA,NA,NA,NA,NA,NA,NA,NA,NA,NA,NA,NA,NA,NA,NA,NA,NA,NA,NA,NA,NA,NA,NA,NA,NA,NA,NA,NA,NA,NA,NA,NA,NA,NA,NA,NA,NA,NA,NA,NA,NA,NA,NA,NA,NA,NA,NA,NA,NA,NA,NA,NA,NA,NA,NA,NA,NA,NA,190650000,3.648,13540000,3711,177110000,13.083,2.657,NA,NA,NA,NA,NA,NA,NA,NA,NA,NA,NA,NA,NA,NA,NA,NA,NA,NA,NA,NA
Papio cynocephalus,8000,8320885000,13.745,7794907300,NA,567109,NA,525977700,NA,0.067,NA,38267,NA,10444780000,120.214,NA,2875028372,NA,23916,NA,7569751628,NA,2.633,NA,62969,NA,1357959996,17.235,NA,278150760,NA,16136,NA,1079809236,NA,3.882,NA,62656,NA,20123625004,151.194,NA,10948086440,NA,9175538564,NA,NA,NA,0.0522522707752449,NA,NA,NA,NA,NA,NA,NA,NA,NA,NA,NA,NA,NA,NA,NA,NA,NA,NA,NA,NA,NA,NA,NA,NA,NA,NA,NA,NA,NA,NA,NA,NA,NA,NA,NA,NA,NA,NA,NA,NA,NA,NA,NA,NA,NA,NA,NA,NA,NA,NA,NA,NA,NA,NA,NA,NA,NA,NA,NA,NA,NA,NA,NA,NA,NA,NA,NA,NA,NA,NA,NA,NA,NA,NA,NA,NA,NA,NA,NA,NA,NA,NA,NA,NA,NA,NA,NA,NA,NA,NA,NA,NA,NA,NA,NA,NA,NA
Parascalops breweri,42.7,107790000,0.102,100780000,13850000,997370,173030,7010000,1100000,0.07,NA,68795,7910,55560000,0.429,0.019,15690000,2611000,36727,7359,39870000,4884000,2.581,0.109,93185,14583,38510000,0.228,0.009,7130000,920000,31276,3180,31380000,1500000,4.401,0.375,137960,7180,201860000,0.759,0.024,123600000,12470000,78260000,6095000,NA,NA,NA,NA,0.049,16750000,333590,10910000,0.651,217440,NA,NA,9.1,NA,NA,0.005,0.008,6370000,81590,3400000,41370,NA,NA,NA,NA,NA,NA,NA,NA,NA,NA,NA,NA,NA,NA,NA,NA,NA,NA,NA,NA,NA,NA,NA,NA,NA,NA,NA,NA,NA,NA,NA,NA,NA,NA,NA,NA,NA,NA,NA,NA,NA,NA,NA,NA,NA,NA,NA,NA,NA,NA,NA,0.168,NA,NA,NA,NA,NA,NA,NA,NA,NA,NA,NA,NA,NA,NA,NA,NA,NA,NA,NA,NA,NA,NA,NA,NA,NA,NA,NA
Petrodromus tetradactylus,132.5,145311001,0.304,110653150,14948000,362537,15780,34657851,15801000,0.299,0.102,110153,41831,74433000,1.239,0.059,33947000,5840000,27236,3416,40486000,1104000,1.202,0.053,32550,2661,40436000,0.894,0.022,12231811,188000,13696,547,28204189,5408000,2.3,0.407,31716,6830,260179795,2.44,0.109,156830795,20600000,103349000,15610000,0.00880000137635829,0.0483,0.052514167103301,0.0764754533075324,0.159,12828365,80805,14775635,1.141,91369,0.0301133890592541,0.0252317165039588,NA,NA,NA,NA,0.009,380000,3084,NA,NA,NA,NA,NA,NA,NA,NA,NA,NA,NA,NA,NA,NA,NA,NA,NA,NA,NA,NA,NA,NA,NA,NA,NA,NA,NA,NA,NA,NA,NA,NA,NA,NA,NA,NA,NA,NA,NA,NA,NA,NA,NA,NA,NA,NA,NA,NA,NA,NA,NA,NA,NA,NA,NA,NA,NA,NA,NA,NA,NA,NA,NA,NA,NA,NA,NA,NA,NA,NA,NA,NA,NA,NA,NA,NA,NA,NA,NA,NA,NA
Pongo pygmaeus,NA,28500000000,35.06,26300000000,2470000000,750143,NA,2200000000,NA,0.084,NA,62750,NA,NA,NA,NA,NA,NA,NA,NA,NA,NA,NA,NA,NA,NA,NA,NA,NA,NA,NA,NA,NA,NA,NA,NA,NA,NA,NA,NA,NA,NA,NA,NA,NA,NA,NA,NA,NA,NA,NA,NA,NA,NA,NA,NA,NA,NA,NA,NA,NA,4.34,NA,NA,NA,NA,NA,NA,NA,NA,NA,NA,NA,NA,NA,NA,NA,NA,NA,NA,NA,NA,NA,NA,NA,NA,NA,NA,NA,NA,NA,NA,NA,NA,NA,NA,NA,NA,NA,NA,NA,NA,NA,NA,NA,NA,NA,NA,NA,NA,NA,NA,NA,NA,NA,NA,NA,NA,NA,NA,NA,NA,NA,NA,NA,NA,NA,NA,NA,NA,NA,NA,NA,NA,NA,NA,NA,NA,NA,NA,NA,NA,NA,NA,NA,NA
Procavia capensis,2517,579378000,2.058,488373000,42322000,242415,46950,91005000,30180000,0.182,0.046,46365,19711,564553000,10.478,0.646,197933000,29082000,19134,3955,366620000,13520000,1.883,0.208,35203,3461,232343000,4.317,0.625,69358240,762000,16436,2556,162984760,6105000,2.351,0.114,38353,4138,1376275000,16.853,1.495,755653000,72145000,620622000,37616000,0.0134739168556625,0.0677999991806435,0.0675016136631748,0.0654514595832934,0.286,20909490,73110,14790510,0.707,51715,0.0482031565401153,0.0414474541788523,NA,NA,NA,NA,NA,NA,NA,NA,NA,NA,NA,NA,NA,NA,NA,NA,NA,NA,NA,NA,NA,NA,NA,NA,NA,NA,NA,NA,NA,NA,NA,NA,NA,NA,NA,NA,NA,NA,NA,NA,NA,NA,NA,NA,NA,NA,NA,NA,NA,NA,NA,NA,NA,NA,NA,NA,NA,NA,NA,NA,NA,NA,NA,NA,NA,NA,NA,NA,NA,NA,NA,NA,NA,NA,NA,NA,NA,NA,NA,NA,NA,NA,NA,NA,NA,NA,NA,NA
Procyon lotor,6200,1887500000,3.338,1646180000,NA,493162,NA,241320000,NA,0.147,NA,NA,NA,2204610000,24.491,NA,437940000,NA,18510,NA,1766670000,NA,3.897,NA,NA,NA,440570000,6.357,NA,48570000,NA,7640,NA,392000000,NA,8.071,NA,NA,NA,4548060000,34.186,NA,2148070000,NA,2399990000,NA,NA,NA,NA,NA,0.47,55990000,119119,79760000,1.425,NA,NA,NA,NA,NA,NA,NA,NA,NA,NA,NA,NA,NA,NA,NA,NA,NA,NA,NA,NA,NA,NA,NA,NA,NA,NA,NA,NA,NA,NA,NA,NA,NA,NA,NA,NA,NA,NA,NA,NA,NA,NA,NA,NA,NA,NA,NA,NA,NA,NA,NA,NA,NA,NA,NA,NA,NA,NA,NA,NA,NA,NA,NA,NA,85340000,0.477,15340000,16076,70000000,4.564,1.117,NA,NA,NA,NA,NA,NA,NA,NA,NA,NA,NA,NA,NA,NA,NA,NA,NA,NA,NA,NA
Proechimys guyannensis,223.485,198885000,0.33,162512050,3553848,494338,28466,36372950,5094068,0.224,0.026,110122,6716,97919063,0.924,0.05,26086024,2155723,28321,3870,71833039,6712722,2.752,0.03,78011,11497,86560937,0.824,0.006,13492039,1533120,16381,1973,73068898,2691449,5.462,NA,88667,2658,383365000,2.078,0.071,202090113,2931245,181274887,4310103,NA,NA,NA,NA,0.132,9141540,69254,21128460,2.311,160064,NA,NA,16.6,NA,NA,0.026,NA,NA,NA,NA,NA,NA,NA,NA,NA,NA,NA,NA,NA,NA,NA,NA,NA,NA,NA,NA,NA,NA,NA,NA,NA,NA,NA,NA,NA,NA,NA,NA,NA,NA,NA,NA,NA,NA,NA,NA,NA,NA,NA,NA,NA,NA,NA,NA,NA,NA,NA,NA,NA,NA,NA,NA,NA,NA,NA,NA,NA,NA,NA,NA,NA,NA,NA,NA,NA,NA,NA,NA,NA,NA,NA,NA,NA,NA,NA,NA,NA,NA,NA,NA
Rattus norvegicus,315.1,168177499,0.272,139171882,11185675,522688,108847,29005617,6282204,0.209,0.047,108555,29355,76705000,0.769,0.113,31017192,3034654,41092,7999,45687808,5678958,1.497,0.328,60426,12477,65900001,0.683,0.153,18678758,4243909,27813,6171,47221243,5979982,2.587,NA,71760,18475,310782500,1.724,0.292,188867832,12622383,121914668,7106729,NA,NA,NA,NA,0.074,11103272,152373,9238728,0.848,126210,NA,NA,102.9,NA,NA,0.038,0.022,3202766,26913,2250728,8033,NA,NA,NA,NA,NA,NA,NA,NA,NA,NA,NA,NA,NA,NA,NA,NA,NA,NA,NA,NA,NA,NA,NA,NA,NA,NA,NA,NA,NA,NA,NA,NA,NA,NA,NA,NA,NA,NA,NA,NA,NA,NA,NA,NA,NA,NA,NA,NA,NA,NA,NA,0.145,NA,NA,NA,NA,NA,NA,NA,NA,NA,NA,NA,NA,NA,NA,NA,NA,NA,NA,NA,NA,NA,NA,NA,NA,NA,NA,NA
Rousettus aegyptiacus,120,NA,219666.672195536,132436158,NA,602896,NA,NA,NA,NA,NA,NA,NA,NA,985394.850957763,NA,28859259,NA,29287,NA,NA,NA,NA,NA,NA,NA,NA,547872.457669572,NA,10936630,NA,19962,NA,NA,NA,NA,NA,NA,NA,NA,1.778,NA,172232047,NA,NA,NA,NA,NA,NA,NA,NA,NA,NA,NA,NA,NA,NA,NA,NA,NA,NA,NA,NA,NA,NA,NA,NA,NA,NA,NA,NA,NA,NA,NA,NA,NA,NA,NA,NA,NA,NA,NA,NA,NA,NA,NA,NA,NA,NA,NA,NA,NA,NA,NA,NA,NA,NA,NA,NA,NA,NA,NA,NA,NA,NA,NA,NA,NA,NA,NA,NA,NA,NA,NA,NA,NA,NA,NA,NA,NA,NA,NA,NA,NA,NA,NA,NA,NA,NA,NA,NA,NA,NA,NA,NA,NA,NA,NA,NA,NA,NA,NA,NA,NA,NA,NA
Saguinus midas,NA,NA,NA,NA,NA,NA,NA,NA,NA,NA,NA,NA,NA,NA,NA,NA,NA,NA,NA,NA,NA,NA,NA,NA,NA,NA,NA,NA,NA,NA,NA,NA,NA,NA,NA,NA,NA,NA,NA,NA,NA,NA,NA,NA,NA,NA,NA,NA,0.027186877681645,NA,NA,NA,NA,NA,NA,NA,NA,NA,NA,NA,NA,NA,NA,NA,NA,NA,NA,NA,NA,NA,NA,NA,NA,NA,NA,NA,NA,NA,NA,NA,NA,NA,NA,NA,NA,NA,NA,NA,NA,NA,NA,NA,NA,NA,NA,NA,NA,NA,NA,NA,NA,NA,NA,NA,NA,NA,NA,NA,NA,NA,NA,NA,NA,NA,NA,NA,NA,NA,NA,NA,NA,NA,NA,NA,NA,NA,NA,NA,NA,NA,NA,NA,NA,NA,NA,NA,NA,NA,NA,NA,NA,NA,NA,NA,NA,NA
Saimiri sciureus,859,1953020000,4.3,1820000000,NA,424000,NA,133020000,NA,0.073,NA,30940,NA,2950000000,20.652,0.368,1340000000,20000000,64930,7420,1610000000,40000000,1.201,NA,77840,790,368120000,5.004,NA,65530000,NA,13090,NA,302590000,NA,4.618,NA,60470,NA,5319460000,30.216,NA,3246430000,NA,2073030000,NA,NA,NA,NA,NA,NA,NA,NA,NA,NA,NA,NA,NA,105.9,30.216,3246.43,NA,NA,NA,NA,NA,NA,169.48,5.49,1.602,0.078,4.69,1.88,2913,1120,91.24,6.88,56888,1614,0.19,5.03,0.14,NA,NA,NA,NA,NA,NA,NA,NA,NA,NA,NA,NA,NA,NA,NA,NA,NA,NA,NA,NA,NA,NA,NA,NA,NA,NA,NA,NA,NA,NA,NA,NA,NA,NA,NA,NA,NA,NA,NA,NA,NA,NA,NA,NA,NA,NA,NA,NA,NA,NA,NA,NA,NA,NA,NA,NA,NA,NA,NA,NA,NA,NA,NA,NA
Sapajus apella,3340,2735810000,4.6,2490000000,NA,540310,NA,245810000,NA,0.099,NA,53440,NA,3690000000,39.178,NA,1140000000,NA,29180,NA,2550000000,NA,2.237,NA,64980,NA,567960000,8.43,NA,61850000,NA,7340,NA,506110000,NA,8.183,NA,60040,NA,6988260000,52.208,NA,3690520000,NA,3297740000,NA,NA,NA,0.0349424582552525,NA,NA,NA,NA,NA,NA,NA,NA,NA,NA,NA,NA,NA,NA,NA,NA,NA,NA,NA,NA,NA,NA,NA,NA,NA,NA,NA,NA,NA,NA,NA,NA,NA,NA,NA,NA,NA,NA,NA,NA,NA,NA,NA,NA,NA,NA,NA,NA,NA,NA,NA,NA,NA,NA,NA,NA,NA,NA,NA,NA,NA,NA,NA,NA,NA,NA,NA,NA,NA,NA,NA,NA,NA,NA,NA,NA,NA,NA,NA,NA,NA,NA,NA,NA,NA,NA,NA,NA,NA,NA,NA,NA,NA,NA,NA,NA,NA
Sarcophilus harrisii,8200,NA,1.434,601070000,NA,419158,NA,NA,NA,0.224,NA,NA,NA,NA,5.228,NA,71660000,NA,13706,NA,NA,NA,5.112,NA,NA,NA,NA,3.14,NA,20970000,NA,6677,NA,NA,NA,12.2,NA,NA,NA,NA,9.802,NA,693690000,NA,NA,NA,0.0105000003399337,0.0197000008153481,0.0218000004566825,0.0325,1.004,100320000,99919,NA,1.004,NA,0.0202000018066684,0.0158000001379186,NA,NA,NA,NA,NA,NA,NA,NA,NA,NA,NA,NA,NA,NA,NA,NA,NA,NA,NA,NA,NA,NA,NA,NA,NA,NA,NA,NA,NA,NA,NA,NA,NA,NA,NA,NA,NA,NA,NA,NA,NA,NA,NA,NA,NA,NA,NA,NA,NA,NA,NA,NA,NA,NA,NA,NA,NA,NA,NA,NA,NA,NA,0.634,12640000,19940,NA,4.537,1.09,50950000,14759,3.727,2,14410000,7203,11.948,1.14,6560000,5754,12.755,1.348,6180000,4587,18.96,0.652,8220000,12613,6.675,NA
Scalopus aquaticus,95.3,176060000,0.153,158550000,13630000,1037390,63570,17510000,3160000,0.11,NA,114660,20790,65220000,0.476,0.032,26680000,5113000,60461,12249,38540000,5567000,1.383,0.368,80745,6407,62250000,0.37,0.042,16560000,2990000,44620,4900,45690000,4820000,2.759,0.379,123600,2550,305260000,0.999,0.08,203520000,14587000,101740000,11823000,NA,NA,NA,NA,0.082,34610000,423520,17780000,0.514,215230,NA,NA,9.8,NA,NA,0.008,0.005,5960000,94950,2060000,14600,NA,NA,NA,NA,NA,NA,NA,NA,NA,NA,NA,NA,NA,NA,NA,NA,NA,NA,NA,NA,NA,NA,NA,NA,NA,NA,NA,NA,NA,NA,NA,NA,NA,NA,NA,NA,NA,NA,NA,NA,NA,NA,NA,NA,NA,NA,NA,NA,NA,NA,NA,0.154,NA,NA,NA,NA,NA,NA,NA,NA,NA,NA,NA,NA,NA,NA,NA,NA,NA,NA,NA,NA,NA,NA,NA,NA,NA,NA,NA
Sciurus carolinensis,500,453630000,0.874,342832180,71181798,392363,74294,110797820,9070639,0.336,0.09,127682,19212,286989334,2.73,0.178,77334617,2634444,28384,1487,209654717,13003170,2.709,0.076,76877,3859,243517334,1.943,0.156,33493401,17128790,17616,9989,210023933,3415060,7.246,NA,108482,7808,984136666,5.548,0.306,453660197,59752698,530476469,5605837,NA,NA,NA,NA,0.212,28845724,137532,39015942,1.478,185359,NA,NA,NA,NA,NA,0.069,0.022,7903412,38236,12812316,58050,NA,NA,NA,NA,NA,NA,NA,NA,NA,NA,NA,NA,NA,NA,NA,NA,NA,NA,NA,NA,NA,NA,NA,NA,NA,NA,NA,NA,NA,NA,NA,NA,NA,NA,NA,NA,NA,NA,NA,NA,NA,NA,NA,NA,NA,NA,NA,NA,NA,NA,NA,0.776,NA,NA,NA,NA,NA,NA,NA,NA,NA,NA,NA,NA,NA,NA,NA,NA,NA,NA,NA,NA,NA,NA,NA,NA,NA,NA,NA
Scotonycteris zenkeri,16.1,NA,86000.0091067051,47217961,NA,549046,NA,NA,NA,NA,NA,NA,NA,NA,323996.746696257,NA,12847119,NA,39652,NA,NA,NA,NA,NA,NA,NA,NA,177998.873402646,NA,5529891,NA,31067,NA,NA,NA,NA,NA,NA,NA,NA,0.588,NA,65594971,NA,NA,NA,NA,NA,NA,NA,NA,NA,NA,NA,NA,NA,NA,NA,NA,NA,NA,NA,NA,NA,NA,NA,NA,NA,NA,NA,NA,NA,NA,NA,NA,NA,NA,NA,NA,NA,NA,NA,NA,NA,NA,NA,NA,NA,NA,NA,NA,NA,NA,NA,NA,NA,NA,NA,NA,NA,NA,NA,NA,NA,NA,NA,NA,NA,NA,NA,NA,NA,NA,NA,NA,NA,NA,NA,NA,NA,NA,NA,NA,NA,NA,NA,NA,NA,NA,NA,NA,NA,NA,NA,NA,NA,NA,NA,NA,NA,NA,NA,NA,NA,NA,NA
Sorex fumeus,7.8,26160000,0.02,20870000,4660000,1038666,214440,5290000,2120000,0.253,NA,258073,85510,19020000,0.084,0.009,9730000,352000,116727,9387,9290000,1112000,0.958,0.135,111754,18566,13840000,0.072,0.01,5560000,1490000,75941,11870,8280000,1440000,1.489,0.294,114880,17860,59320000,0.176,0.007,36460000,4567000,22860000,3956000,NA,NA,NA,NA,0.012,3330000,289806,2760000,0.829,235249,NA,NA,0.1,NA,NA,0.002,0.002,1050000,124350,130000,44620,NA,NA,NA,NA,NA,NA,NA,NA,NA,NA,NA,NA,NA,NA,NA,NA,NA,NA,NA,NA,NA,NA,NA,NA,NA,NA,NA,NA,NA,NA,NA,NA,NA,NA,NA,NA,NA,NA,NA,NA,NA,NA,NA,NA,NA,NA,NA,NA,NA,NA,NA,214,NA,NA,NA,NA,NA,NA,NA,NA,NA,NA,NA,NA,NA,NA,NA,NA,NA,NA,NA,NA,NA,NA,NA,NA,NA,NA,NA
Sus scrofa domesticus,100000,2207031251,8.128,1858320313,NA,228632,NA,348710938,NA,0.188,NA,42902,NA,3557333758,42.404,NA,307082404,NA,7276,NA,3250251354,NA,10.585,NA,77016,NA,1155531250,13.85,NA,58709836,NA,4238,NA,1096821414,NA,18.682,NA,79192,NA,6919896258,64.18,NA,2224112553,NA,4695783705,NA,0.0388000002265487,0.108993125762452,0.111664496079779,0.151351466044673,0.822,9195500,11187,77554500,8.434,94348,0.112437137463829,0.0875586778755316,NA,NA,NA,NA,NA,NA,NA,NA,NA,NA,NA,NA,NA,NA,NA,NA,NA,NA,NA,NA,NA,NA,NA,NA,NA,NA,NA,NA,NA,NA,NA,NA,NA,NA,NA,NA,NA,NA,NA,NA,NA,NA,NA,NA,NA,NA,NA,NA,NA,NA,NA,NA,NA,NA,NA,NA,NA,NA,NA,NA,NA,NA,NA,NA,NA,NA,NA,NA,NA,NA,NA,NA,NA,NA,NA,NA,NA,NA,NA,NA,NA,NA,NA,NA,NA,NA,NA,NA
Tragelaphus strepsiceros,218000,5308593750,31.776,4042494141,NA,127218,NA,1266099609,NA,0.313,NA,39845,NA,13064871626,213.37,NA,762567178,NA,3574,NA,12302304448,NA,16.133,NA,57657,NA,3515369753,61.716,NA,106590230,NA,1727,NA,3408779523,NA,31.98,NA,55233,NA,21888835129,306.86,NA,4911651549,NA,16977183580,NA,NA,NA,NA,NA,5.546,38331562,6912,362731438,8.523,58913,NA,NA,NA,NA,NA,NA,NA,NA,NA,NA,NA,NA,NA,NA,NA,NA,NA,NA,NA,NA,NA,NA,NA,NA,NA,NA,NA,NA,NA,NA,NA,NA,NA,NA,NA,NA,NA,NA,NA,NA,NA,NA,NA,NA,NA,NA,NA,NA,NA,NA,NA,NA,NA,NA,NA,NA,NA,NA,NA,NA,NA,NA,NA,NA,NA,NA,NA,NA,NA,NA,NA,NA,NA,NA,NA,NA,NA,NA,NA,NA,NA,NA,NA,NA,NA,NA,NA,NA,NA,NA
Triaenops persicus,13.7,NA,72659.9416786038,59651487,NA,820968,NA,NA,NA,NA,NA,NA,NA,NA,93249.0079518258,NA,6039272,NA,64765,NA,NA,NA,NA,NA,NA,NA,NA,84870.3653529522,NA,4072165,NA,47981,NA,NA,NA,NA,NA,NA,NA,NA,0.251,NA,69762924,NA,NA,NA,NA,NA,NA,NA,NA,NA,NA,NA,NA,NA,NA,NA,NA,NA,NA,NA,NA,NA,NA,NA,NA,NA,NA,NA,NA,NA,NA,NA,NA,NA,NA,NA,NA,NA,NA,NA,NA,NA,NA,NA,NA,NA,NA,NA,NA,NA,NA,NA,NA,NA,NA,NA,NA,NA,NA,NA,NA,NA,NA,NA,NA,NA,NA,NA,NA,NA,NA,NA,NA,NA,NA,NA,NA,NA,NA,NA,NA,NA,NA,NA,NA,NA,NA,NA,NA,NA,NA,NA,NA,NA,NA,NA,NA,NA,NA,NA,NA,NA,NA,NA
Tupaia glis,172.5,205260000,0.326,185280000,16980000,571460,83200,19980000,1510000,0.108,NA,61600,7990,145970000,1.455,0.174,60390000,26510000,42900,23350,85580000,8400000,1.417,NA,58900,1270,109560000,0.919,0.072,22480000,NA,25900,NA,87080000,NA,3.874,NA,100320,NA,461050000,2.752,0.011,261400000,NA,199650000,NA,NA,NA,NA,NA,0.1,12700000,130173,20068000,1.58,205876,NA,NA,3.5,2.752,261.4,0.018,0.032,3584952,17451,6541838,51596,102.92,3.7,0.607,0.082,2.69,0.71,4529,1597,41.96,4.17,69891,8247,0.35,18.07,1.02,NA,NA,NA,NA,NA,NA,NA,NA,NA,NA,NA,NA,NA,NA,NA,NA,NA,NA,NA,NA,NA,NA,NA,NA,NA,NA,NA,NA,NA,NA,NA,NA,NA,NA,NA,NA,NA,NA,NA,NA,NA,NA,NA,NA,NA,NA,NA,NA,NA,NA,NA,NA,NA,NA,NA,NA,NA,NA,NA,NA,NA,NA,NA,NA
Ursus arctos,350000,11550000000,45.106,9253250000,NA,205145,NA,2296750000,NA,0.248,NA,NA,NA,10404970000,222,NA,250970000,NA,1130,NA,10154000000,NA,40.459,NA,NA,NA,2743820000,47.898,NA,81380000,NA,1699,NA,2662440000,NA,32.714,NA,NA,NA,24698790000,315.004,NA,9585600000,NA,15113190000,NA,0.0163,0.0823000000246374,0.0811000001681889,0.0342,NA,NA,NA,NA,NA,NA,0.036,0.0458000000202439,NA,NA,NA,NA,NA,NA,NA,NA,NA,NA,NA,NA,NA,NA,NA,NA,NA,NA,NA,NA,NA,NA,NA,NA,NA,NA,NA,NA,NA,NA,NA,NA,NA,NA,NA,NA,NA,NA,NA,NA,NA,NA,NA,NA,NA,NA,NA,NA,NA,NA,NA,NA,NA,NA,NA,NA,NA,NA,NA,NA,NA,257770000,4.13,8610000,2085,249160000,28.941,1.577,NA,NA,NA,NA,NA,NA,NA,NA,NA,NA,NA,NA,NA,NA,NA,NA,NA,NA,NA,NA
Wallabia bicolor,12066,NA,4.42,1200000000,NA,270575,NA,NA,NA,0.293,NA,NA,NA,NA,15.182,NA,208110000,NA,13708,NA,NA,NA,4.955,NA,NA,NA,NA,10.41,NA,31860000,NA,3061,NA,NA,NA,20.583,NA,NA,NA,NA,30.012,NA,1440000000,NA,NA,NA,0.0171,0.0791000002464258,0.0768000001613873,0.0559,NA,NA,NA,NA,NA,NA,0.0795,0.0509000000651088,NA,NA,NA,NA,NA,NA,NA,NA,NA,NA,NA,NA,NA,NA,NA,NA,NA,NA,NA,NA,NA,NA,NA,NA,NA,NA,NA,NA,NA,NA,NA,NA,NA,NA,NA,NA,NA,NA,NA,NA,NA,NA,NA,NA,NA,NA,NA,NA,NA,NA,NA,NA,NA,NA,NA,NA,NA,NA,NA,NA,NA,NA,1.566,12970000,8283,NA,8.506,1.407,170420000,17322,3.319,6.396,21350000,3339,20.459,4.014,10510000,2619,20.834,NA,NA,NA,NA,NA,NA,NA,NA,NA
