Species,Amygdala_p.C.Brain,Amygdala_Vol.mm3,Amygdala_Vol.mm3_SD,Body_Mass.g,Body_Mass.g_SD,Body_Mass.kg,Cerebellum_I.p.mg,Cerebellum_Mass.g,Cerebellum_Mass.g_SD,Cerebellum_N.n,Cerebellum_N.n_SD,Cerebellum_N.p.mg,Cerebellum_N.p.mg_SD,Cerebellum_O.n,Cerebellum_O.n_SD,Cerebellum_O.p.mg,Cerebellum_O.p.mg_SD,Cerebellum_O.p.N,Cerebellum_O.p.N_SD,Cerebellum_p.C.Brain,Cerebellum_S.n,Cerebellum_Vol.mm3,Cerebellum_Vol.mm3_SD,CerebralCortex_I.p.mg,CerebralCortex_Mass.g,CerebralCortex_Mass.g_SD,CerebralCortex_N.n,CerebralCortex_N.n_SD,CerebralCortex_N.p.mg,CerebralCortex_N.p.mg_SD,CerebralCortex_O.n,CerebralCortex_O.n_SD,CerebralCortex_O.p.mg,CerebralCortex_O.p.mg_SD,CerebralCortex_O.p.N,CerebralCortex_O.p.N_SD,CerebralCortex_S.n,CerebralCortexGrey_N.n,CerebralCortexGrey_N.p.mg,CerebralCortexGrey_O.p.N,CerebralCortexNoHippocampus_I.p.mg,CerebralCortexNoHippocampus_S.n,DiencephalonStriatum_Mass.g,DiencephalonStriatum_N.n,DiencephalonStriatum_N.p.mg,DiencephalonStriatum_O.p.N,EntorhinalCortex_p.C.Brain,EntorhinalCortex_Vol.mm3,EntorhinalCortex_Vol.mm3_SD,Hippocampus_I.p.mg,Hippocampus_Mass.g,Hippocampus_N.n,Hippocampus_N.p.mg,Hippocampus_O.n,Hippocampus_O.p.N,Hippocampus_p.C.Brain,Hippocampus_S.n,Hippocampus_Vol.mm3,Hippocampus_Vol.mm3_SD,Hypothalamus_p.C.Brain,Hypothalamus_Vol.mm3,Hypothalamus_Vol.mm3_SD,Medulla_p.C.Brain,Medulla_Vol.mm3,Medulla_Vol.mm3_SD,Mesencephalon_Mass.g,Mesencephalon_N.n,Mesencephalon_N.p.mg,Mesencephalon_O.p.N,MesencephalonDiencephalonStriatum_Mass.g,MesencephalonDiencephalonStriatum_N.n,MesencephalonDiencephalonStriatum_N.p.mg,MesencephalonDiencephalonStriatum_O.p.N,MesencephalonMedulla_N.n,MesencephalonMedulla_N.n_SD,Neocortex_p.C.Brain,Neocortex_Vol.mm3,Neocortex_Vol.mm3_SD,OlfactoryBulb_Mass.g,OlfactoryBulb_Mass.g_SD,OlfactoryBulb_n,OlfactoryBulb_N.n,OlfactoryBulb_N.n_SD,OlfactoryBulb_N.p.mg,OlfactoryBulb_N.p.mg_SD,OlfactoryBulb_O.n,OlfactoryBulb_O.n_SD,OlfactoryBulb_O.p.mg,OlfactoryBulb_O.p.mg_SD,OlfactoryBulb_O.p.N,OlfactoryBulb_O.p.N_SD,OlfactoryBulb_p.C.Brain,OlfactoryBulb_Vol.mm3,OlfactoryBulb_Vol.mm3_SD,OlfactoryCortices_p.C.Brain,OlfactoryCortices_Vol.mm3,OlfactoryCortices_Vol.mm3_SD,PonsMedulla_I.p.mg,PonsMedulla_Mass.g,PonsMedulla_N.n,PonsMedulla_N.p.mg,PonsMedulla_O.p.N,PonsMedulla_S.n,RoB_I.p.mg,RoB_Mass.g,RoB_Mass.g_SD,RoB_N.n,RoB_N.n_SD,RoB_N.p.mg,RoB_N.p.mg_SD,RoB_O.n,RoB_O.n_SD,RoB_O.p.mg,RoB_O.p.mg_SD,RoB_O.p.N,RoB_O.p.N_SD,RoB_S.n,Septum_p.C.Brain,Septum_Vol.mm3,Septum_Vol.mm3_SD,Striatum_p.C.Brain,Striatum_Vol.mm3,Striatum_Vol.mm3_SD,SubcorticalForebrain_N.n,SubcorticalForebrain_N.n_SD,Tectum_p.C.Brain,Tectum_Vol.mm3,Tectum_Vol.mm3_SD,Tegmentum_p.C.Brain,Tegmentum_Vol.mm3,Tegmentum_Vol.mm3_SD,Thalamus_p.C.Brain,Thalamus_Vol.mm3,Thalamus_Vol.mm3_SD,WholeBrain_I.p.mg,WholeBrain_Mass.g,WholeBrain_Mass.g_SD,WholeBrain_n,WholeBrain_N.n,WholeBrain_N.n_SD,WholeBrain_O.n,WholeBrain_O.n_SD,WholeBrain_O.p.N,WholeBrain_p.C.N,WholeBrain_p.C.N_SD,WholeBrain_S.n,WholeBrainOlfactoryBulb_Mass.g,WholeBrainOlfactoryBulb_Mass.g_SD,WholeBrainOlfactoryBulb_N.n,WholeBrainOlfactoryBulb_N.n_SD
Amblysomus hottentotus,NA,NA,NA,79,NA,NA,NA,0.084,NA,34488379,3207000,409687,18667,8155621,813000,96849,5069,0.236,0.002,NA,NA,NA,NA,NA,0.439,0.035,21516000,2154000,48932,1004,21370000,4614000,48146,6674,0.982,0.116,NA,NA,NA,NA,NA,NA,NA,NA,NA,NA,NA,NA,NA,NA,NA,NA,NA,NA,NA,NA,NA,NA,NA,NA,NA,NA,NA,NA,NA,NA,NA,NA,NA,NA,NA,NA,NA,NA,NA,NA,NA,NA,NA,NA,NA,NA,NA,NA,NA,NA,NA,NA,NA,NA,NA,NA,NA,NA,NA,NA,NA,NA,NA,NA,NA,NA,NA,NA,0.289,0.013,9070358,1069000,31616,5124,16834642,3276000,58880,13983,1.839,0.144,NA,NA,NA,NA,NA,NA,NA,NA,NA,NA,NA,NA,NA,NA,NA,NA,NA,NA,NA,0.812,0.044,2,65074000,2124000,46631000,527000,NA,NA,NA,NA,NA,NA,NA,NA
Antidorcas marsupialis,NA,NA,NA,25000,NA,NA,5147,11.458,NA,2257214074,NA,196999,NA,467244676,NA,40779,NA,0.207,NA,NA,2,NA,NA,3791,68.806,NA,396896159,NA,5768,NA,4126259275,NA,59969,NA,10.396,NA,29,NA,NA,NA,3790,28,NA,NA,NA,NA,NA,NA,NA,3778,NA,NA,NA,NA,NA,NA,1,NA,NA,NA,NA,NA,NA,NA,NA,NA,NA,NA,NA,NA,NA,NA,NA,NA,NA,NA,NA,NA,1.2,NA,1,15998400,NA,13332,NA,105201600,NA,87668,NA,6.576,NA,NA,NA,NA,NA,NA,NA,NA,NA,NA,NA,NA,NA,3267,25.81,NA,70485000,NA,2731,NA,1319280624,NA,51115,NA,18.71,NA,3,NA,NA,NA,NA,NA,NA,NA,NA,NA,NA,NA,NA,NA,NA,NA,NA,NA,3810,106.074,NA,1,2724595233,NA,5912784575,NA,NA,31.5,NA,34,NA,NA,NA,NA
Aotus trivirgatus,NA,NA,NA,925,35,NA,NA,1.732,0.218,1.04e+09,2e+07,605080,90570,145270000,45030000,82890,15580,0.14,NA,NA,NA,NA,NA,2635,10.617,0.61,441900000,111310000,41990,12900,695420000,1.3e+08,65330,5950,1.574,NA,43,NA,NA,NA,NA,NA,NA,NA,NA,NA,NA,NA,NA,NA,NA,NA,NA,NA,NA,NA,NA,NA,NA,NA,NA,NA,NA,NA,NA,NA,NA,NA,NA,NA,NA,NA,NA,NA,NA,NA,NA,NA,0.05,0.012,6,7925468,3114924,155879,62241,8360532,3213106,162922,44209,1.055,NA,NA,NA,NA,NA,NA,NA,NA,NA,NA,NA,NA,NA,NA,3.104,NA,49340000,NA,15900,NA,313460000,NA,100990,NA,6.353,NA,NA,NA,NA,NA,NA,NA,NA,NA,NA,NA,NA,NA,NA,NA,NA,NA,NA,NA,NA,15.73,NA,2,1468410000,NA,1195130000,NA,NA,55.1,NA,NA,NA,NA,NA,NA
Bathyergus suillus,0.0139,50,3,907.82,320.93,NA,NA,NA,NA,268890000,17470000,NA,NA,NA,NA,NA,NA,NA,NA,0.1911,NA,683,82,NA,NA,NA,43480000,5110000,NA,NA,NA,NA,NA,NA,NA,NA,NA,NA,NA,NA,NA,NA,NA,NA,NA,NA,0.027,96,3,NA,NA,NA,NA,NA,NA,0.0544,NA,194,1,0.0238,85,7,0.103,368,30,NA,NA,NA,NA,NA,NA,NA,NA,8670000,600000,0.283,1011,21,NA,NA,NA,23810000,2960000,NA,NA,NA,NA,NA,NA,NA,NA,0.037,132,14,0.0483,173,15,NA,NA,NA,NA,NA,NA,NA,NA,NA,NA,NA,NA,NA,NA,NA,NA,NA,NA,NA,NA,0.0097,35,7,0.0698,249,20,16420000,750000,0.0192,69,6,0.0437,156,18,0.0483,173,15,NA,NA,NA,NA,337480000,21440000,NA,NA,NA,NA,NA,NA,3.78,0.14,361290000,24400000
Blarina brevicauda,NA,NA,NA,16.2,1.6,NA,NA,0.037,0.005,33430000,5821000,919942,19721,4410000,1280000,118736,25620,0.132,NA,NA,NA,NA,NA,NA,0.197,0.012,11876000,1569000,60214,4935,15820000,1158000,80729,8731,1.357,0.25,NA,NA,NA,NA,NA,NA,NA,NA,NA,NA,NA,NA,NA,NA,NA,NA,NA,NA,NA,NA,NA,NA,NA,NA,NA,NA,NA,NA,NA,NA,NA,NA,NA,NA,NA,NA,NA,NA,NA,NA,NA,NA,0.026,0.003,5,8090000,935900,318164,34950,4910000,730000,193631,31450,0.607,0.125,NA,NA,NA,NA,NA,NA,NA,NA,NA,NA,NA,NA,NA,0.113,0.009,6340000,636200,55924,2130,13320000,1120000,117736,5840,2.102,0.096,NA,NA,NA,NA,NA,NA,NA,NA,NA,NA,NA,NA,NA,NA,NA,NA,NA,NA,NA,0.347,NA,5,55190000,6126000,33550000,1222000,NA,64.8,2.3,NA,NA,NA,NA,NA
Callimico goeldii,NA,NA,NA,NA,NA,NA,NA,NA,NA,NA,NA,NA,NA,NA,NA,NA,NA,NA,NA,NA,NA,NA,NA,NA,12.984,NA,357129180,NA,27505,NA,715330820,NA,55093,NA,2.003,NA,NA,NA,NA,NA,NA,NA,NA,NA,NA,NA,NA,NA,NA,NA,NA,NA,NA,NA,NA,NA,NA,NA,NA,NA,NA,NA,NA,NA,NA,NA,NA,NA,NA,NA,NA,NA,NA,NA,NA,NA,NA,NA,NA,NA,NA,NA,NA,NA,NA,NA,NA,NA,NA,NA,NA,NA,NA,NA,NA,NA,NA,NA,NA,NA,NA,NA,NA,NA,2.086,NA,53911480,NA,25844,NA,194528520,NA,93254,NA,3.608,NA,NA,NA,NA,NA,NA,NA,NA,NA,NA,NA,NA,NA,NA,NA,NA,NA,NA,NA,NA,NA,NA,NA,NA,NA,NA,NA,NA,NA,NA,NA,NA,NA,NA,NA
Callithrix jacchus,NA,NA,NA,361,1.4,NA,NA,0.73,0.039,361370000,28530000,494970,25740,49490000,6770000,68170,12210,0.137,NA,NA,NA,NA,NA,NA,5.561,0.443,244720000,81180000,44280,15900,395340000,58790000,71800,14880,1.615,NA,NA,NA,NA,NA,NA,NA,NA,NA,NA,NA,NA,NA,NA,NA,NA,NA,NA,NA,NA,NA,NA,NA,NA,NA,NA,NA,NA,NA,NA,NA,NA,NA,NA,NA,NA,NA,NA,NA,NA,NA,NA,NA,0.008,0.014,5,2108078,983420,232309,137605,2547922,960104,269383,105563,1.209,NA,NA,NA,NA,NA,NA,NA,NA,NA,NA,NA,NA,NA,NA,1.489,0.317,29720000,9350000,19650,2840,145910000,27830000,98370,NA,4.909,NA,NA,NA,NA,NA,NA,NA,NA,NA,NA,NA,NA,NA,NA,NA,NA,NA,NA,NA,NA,7.78,0.654,3,635800000,115730000,590740000,70810000,NA,51.7,NA,NA,NA,NA,NA,NA
Canis lupus familiaris,NA,NA,NA,NA,NA,19.7,6421,7.512,NA,1676630000,NA,223194,NA,848680000,NA,NA,NA,0.506,NA,NA,2,NA,NA,4788,65.491,NA,527910000,NA,8061,NA,3416460000,NA,NA,NA,6.472,NA,86,NA,NA,NA,4767,84,NA,NA,NA,NA,NA,NA,NA,5543,2.01,8610000,4282,134050000,15.575,NA,2,NA,NA,NA,NA,NA,NA,NA,NA,NA,NA,NA,NA,NA,NA,NA,NA,NA,NA,NA,NA,NA,NA,NA,NA,NA,NA,NA,NA,NA,NA,NA,NA,NA,NA,NA,NA,NA,NA,NA,NA,NA,NA,NA,NA,NA,NA,7681,13.459,NA,48150000,NA,3577,NA,928090000,NA,NA,NA,19.275,NA,6,NA,NA,NA,NA,NA,NA,NA,NA,NA,NA,NA,NA,NA,NA,NA,NA,NA,5382,86.462,NA,NA,2252690000,NA,5193230000,NA,2.305,NA,NA,94,NA,NA,NA,NA
Cardioderma cor,NA,NA,NA,26,NA,NA,NA,NA,NA,63792242,NA,616497,NA,NA,NA,NA,NA,NA,NA,NA,NA,NA,NA,NA,NA,NA,10221440,NA,39766,NA,NA,NA,NA,NA,NA,NA,NA,NA,NA,NA,NA,NA,NA,NA,NA,NA,NA,NA,NA,NA,NA,NA,NA,NA,NA,NA,NA,NA,NA,NA,NA,NA,NA,NA,NA,NA,NA,NA,NA,NA,NA,NA,NA,NA,NA,NA,NA,NA,NA,NA,NA,NA,NA,NA,NA,NA,NA,NA,NA,NA,NA,NA,NA,NA,NA,NA,NA,NA,NA,NA,NA,NA,NA,NA,NA,NA,7317510,NA,36367,NA,NA,NA,NA,NA,NA,NA,NA,NA,NA,NA,NA,NA,NA,NA,NA,NA,NA,NA,NA,NA,NA,NA,NA,NA,NA,0.562,NA,2 (1H each),81331192,NA,NA,NA,NA,NA,NA,NA,NA,NA,NA,NA
Casinycteris argynnis,NA,NA,NA,27,NA,NA,NA,NA,NA,77445413,NA,605042,NA,NA,NA,NA,NA,NA,NA,NA,NA,NA,NA,NA,NA,NA,10471765,NA,22666,NA,NA,NA,NA,NA,NA,NA,NA,NA,NA,NA,NA,NA,NA,NA,NA,NA,NA,NA,NA,NA,NA,NA,NA,NA,NA,NA,NA,NA,NA,NA,NA,NA,NA,NA,NA,NA,NA,NA,NA,NA,NA,NA,NA,NA,NA,NA,NA,NA,NA,NA,NA,NA,NA,NA,NA,NA,NA,NA,NA,NA,NA,NA,NA,NA,NA,NA,NA,NA,NA,NA,NA,NA,NA,NA,NA,NA,11098900,NA,36751,NA,NA,NA,NA,NA,NA,NA,NA,NA,NA,NA,NA,NA,NA,NA,NA,NA,NA,NA,NA,NA,NA,NA,NA,NA,NA,0.892,NA,2 (1H each),99016077,NA,NA,NA,NA,NA,NA,NA,NA,NA,NA,NA
Cavia porcellus,NA,NA,NA,311,49.1,NA,NA,0.5,0.077,167854925,2175973,339755,48069,36290075,4506186,72824,2216,0.216,0.024,NA,NA,NA,NA,NA,1.938,0.231,43510525,3169924,22508,1050,108614475,12775334,56036,93,2.492,0.112,NA,NA,NA,NA,NA,NA,NA,NA,NA,NA,NA,NA,NA,NA,NA,NA,NA,NA,NA,NA,NA,NA,NA,NA,NA,NA,NA,NA,NA,NA,NA,NA,NA,NA,NA,NA,NA,NA,NA,NA,NA,NA,0.103,0.013,2,6065700,1295335,58560,5340,10154300,4220098,96793,29011,1.637,0.346,NA,NA,NA,NA,NA,NA,NA,NA,NA,NA,NA,NA,NA,1.218,0.178,22191825,9431638,18990,10522,83183175,8139966,69528,16855,4.035,NA,NA,NA,NA,NA,NA,NA,NA,NA,NA,NA,NA,NA,NA,NA,NA,NA,NA,NA,NA,3.656,0.486,2,233557275,4085741,228087725,9141554,NA,50.6,1.4,NA,NA,NA,NA,NA
Coleura afra,NA,NA,NA,11.5,NA,NA,NA,NA,NA,47984992,NA,888050,NA,NA,NA,NA,NA,NA,NA,NA,NA,NA,NA,NA,NA,NA,5080428,NA,56460,NA,NA,NA,NA,NA,NA,NA,NA,NA,NA,NA,NA,NA,NA,NA,NA,NA,NA,NA,NA,NA,NA,NA,NA,NA,NA,NA,NA,NA,NA,NA,NA,NA,NA,NA,NA,NA,NA,NA,NA,NA,NA,NA,NA,NA,NA,NA,NA,NA,NA,NA,NA,NA,NA,NA,NA,NA,NA,NA,NA,NA,NA,NA,NA,NA,NA,NA,NA,NA,NA,NA,NA,NA,NA,NA,NA,NA,5514794,NA,55816,NA,NA,NA,NA,NA,NA,NA,NA,NA,NA,NA,NA,NA,NA,NA,NA,NA,NA,NA,NA,NA,NA,NA,NA,NA,NA,0.244,NA,2 (1H each),58580214,NA,NA,NA,NA,NA,NA,NA,NA,NA,NA,NA
Condylura cristata,NA,NA,NA,41.1,4.7,NA,NA,0.138,0.012,105920000,22100000,776460,181530,19480000,6420000,139912,39720,0.184,NA,NA,NA,NA,NA,NA,0.42,0.024,17250000,3105000,40777,5145,32010000,8822000,76995,25019,1.966,0.924,NA,NA,NA,NA,NA,NA,NA,NA,NA,NA,NA,NA,NA,NA,NA,NA,NA,NA,NA,NA,NA,NA,NA,NA,NA,NA,NA,NA,NA,NA,NA,NA,NA,NA,NA,NA,NA,NA,NA,NA,NA,NA,0.04,0.005,4,10550000,4290000,254720,74620,7470000,970000,185124,19370,0.708,0.328,NA,NA,NA,NA,NA,NA,NA,NA,NA,NA,NA,NA,NA,0.244,0.026,8160000,2180000,33475,8560,31550000,5950000,128990,17820,3.866,1.692,NA,NA,NA,NA,NA,NA,NA,NA,NA,NA,NA,NA,NA,NA,NA,NA,NA,NA,NA,0.802,0.046,4,131330000,21229000,83040000,19046000,NA,61.3,6.3,NA,NA,NA,NA,NA
Cryptomys hottentotus,0.0171,14,3,68.58,12.36,NA,NA,NA,NA,68810000,9020000,NA,NA,NA,NA,NA,NA,NA,NA,0.1506,NA,121,19,NA,NA,NA,11730000,220000,NA,NA,NA,NA,NA,NA,NA,NA,NA,NA,NA,NA,NA,NA,NA,NA,NA,NA,0.0311,25,3,NA,NA,NA,NA,NA,NA,0.0733,NA,59,8,0.0312,25,6,0.0987,79,2,NA,NA,NA,NA,NA,NA,NA,NA,3170000,360000,0.2291,183,30,NA,NA,NA,7990000,460000,NA,NA,NA,NA,NA,NA,NA,NA,0.0462,37,4,0.0622,50,8,NA,NA,NA,NA,NA,NA,NA,NA,NA,NA,NA,NA,NA,NA,NA,NA,NA,NA,NA,NA,0.0132,11,1,0.0742,59,7,4550000,690000,0.0217,17,2,0.0425,34,4,0.0483,39,3,NA,NA,NA,NA,88250000,9190000,NA,NA,NA,NA,NA,NA,0.85,0.06,96240000,9650000
Cryptomys hottentotus natalensis,0.0167,20,4,99.02,33.43,NA,NA,NA,NA,109750000,8750000,NA,NA,NA,NA,NA,NA,NA,NA,0.1487,NA,175,19,NA,NA,NA,17460000,1390000,NA,NA,NA,NA,NA,NA,NA,NA,NA,NA,NA,NA,NA,NA,NA,NA,NA,NA,0.0363,43,6,NA,NA,NA,NA,NA,NA,0.0679,NA,80,13,0.0266,31,3,0.0828,97,18,NA,NA,NA,NA,NA,NA,NA,NA,4110000,140000,0.274,321,26,NA,NA,NA,11850000,290000,NA,NA,NA,NA,NA,NA,NA,NA,0.047,55,12,0.0655,76,12,NA,NA,NA,NA,NA,NA,NA,NA,NA,NA,NA,NA,NA,NA,NA,NA,NA,NA,NA,NA,0.0117,14,3,0.0713,84,11,6820000,810000,0.0201,24,6,0.0355,42,6,0.0461,54,6,NA,NA,NA,NA,138130000,8210000,NA,NA,NA,NA,NA,NA,1.24,0.11,149980000,8500000
Cryptomys hottentotus pretoriae,0.0161,20,5,104.27,21.31,NA,NA,NA,NA,120580000,16690000,NA,NA,NA,NA,NA,NA,NA,NA,0.148,NA,188,14,NA,NA,NA,20560000,900000,NA,NA,NA,NA,NA,NA,NA,NA,NA,NA,NA,NA,NA,NA,NA,NA,NA,NA,0.036,46,4,NA,NA,NA,NA,NA,NA,0.0746,NA,95,14,0.026,33,3,0.0941,119,15,NA,NA,NA,NA,NA,NA,NA,NA,6030000,350000,0.2488,315,39,NA,NA,NA,12070000,1410000,NA,NA,NA,NA,NA,NA,NA,NA,0.0446,57,9,0.0602,76,2,NA,NA,NA,NA,NA,NA,NA,NA,NA,NA,NA,NA,NA,NA,NA,NA,NA,NA,NA,NA,0.0116,15,2,0.0669,85,9,9920000,620000,0.0201,25,4,0.0373,47,4,0.0453,57,8,NA,NA,NA,NA,157090000,14820000,NA,NA,NA,NA,NA,NA,1.35,0.11,169160000,16230000
Cynomys sp.,NA,NA,NA,1515,230.6,NA,NA,0.789,0.093,350084813,72177851,440658,39554,66155187,39268821,84802,54286,0.192,0.123,NA,NA,NA,NA,NA,2.586,0.109,53768353,6044322,20866,3113,183451647,17959104,71202,9677,3.432,0.433,NA,NA,NA,NA,NA,NA,NA,NA,NA,NA,NA,NA,NA,NA,NA,NA,NA,NA,NA,NA,NA,NA,NA,NA,NA,NA,NA,NA,NA,NA,NA,NA,NA,NA,NA,NA,NA,NA,NA,NA,NA,NA,NA,NA,NA,NA,NA,NA,NA,NA,NA,NA,NA,NA,NA,NA,NA,NA,NA,NA,NA,NA,NA,NA,NA,NA,NA,NA,1.945,0.146,34090600,589361,17590,1335,167742733,5025290,86542,6793,4.923,NA,NA,NA,NA,NA,NA,NA,NA,NA,NA,NA,NA,NA,NA,NA,NA,NA,NA,NA,NA,5.321,0.197,3,437943767,78742230,417349567,27350023,NA,51,4.2,NA,NA,NA,NA,NA
Damaliscus pygargus phillipsi,NA,NA,NA,60000,NA,NA,NA,13.402,NA,2401712670,NA,179206,NA,443918456,NA,33123,NA,0.184,NA,NA,NA,NA,NA,NA,111.31,NA,570673431,NA,5127,NA,6762256227,NA,60760,NA,11.851,NA,NA,NA,NA,NA,NA,NA,NA,NA,NA,NA,NA,NA,NA,NA,NA,NA,NA,NA,NA,NA,NA,NA,NA,NA,NA,NA,NA,NA,NA,NA,NA,NA,NA,NA,NA,NA,NA,NA,NA,NA,NA,NA,NA,NA,NA,NA,NA,NA,NA,NA,NA,NA,NA,NA,NA,NA,NA,NA,NA,NA,NA,NA,NA,NA,NA,NA,NA,NA,30.006,NA,86428126,NA,2880,NA,2136071876,NA,71188,NA,24.718,NA,NA,NA,NA,NA,NA,NA,NA,NA,NA,NA,NA,NA,NA,NA,NA,NA,NA,NA,NA,154.718,NA,1,3058814227,NA,9343246559,NA,NA,24.7,NA,NA,NA,NA,NA,NA
Dasyprocta prymnolopha,NA,NA,NA,2843,196,NA,NA,2.742,NA,673488085,48145960,253208,39447,155986915,32978520,57945,7405,0.234,0.066,NA,NA,NA,NA,NA,8.913,1.214,110641950,2576768,13250,1633,416208050,950422,49939,7422,3.763,0.096,NA,NA,NA,NA,NA,NA,NA,NA,NA,NA,NA,NA,NA,NA,NA,NA,NA,NA,NA,NA,NA,NA,NA,NA,NA,NA,NA,NA,NA,NA,NA,NA,NA,NA,NA,NA,NA,NA,NA,NA,NA,NA,0.737,0.162,3,58124085,4952795,88008,14973,72595915,19682805,107301,1958,1.239,0.233,NA,NA,NA,NA,NA,NA,NA,NA,NA,NA,NA,NA,NA,5.972,0.514,43204320,NA,6830,NA,356835680,NA,56408,NA,NA,NA,NA,NA,NA,NA,NA,NA,NA,NA,NA,NA,NA,NA,NA,NA,NA,NA,NA,NA,NA,17.628,1.9,3,795112070,NA,951677930,NA,NA,45.5,NA,NA,NA,NA,NA,NA
Dendrohyrax dorsalis,NA,NA,NA,1150,NA,NA,1235,1.918,NA,360929350,NA,188180,NA,77570650,NA,40444,NA,0.215,NA,NA,1,NA,NA,1832,7.56,NA,98960000,NA,13098,NA,183540000,NA,24291,NA,1.855,NA,3,NA,NA,NA,1805,2,NA,NA,NA,NA,NA,NA,NA,2089,NA,NA,NA,NA,NA,NA,1,NA,NA,NA,NA,NA,NA,NA,NA,NA,NA,NA,NA,NA,NA,NA,NA,NA,NA,NA,NA,NA,NA,NA,NA,NA,NA,NA,NA,NA,NA,NA,NA,NA,NA,NA,NA,NA,NA,NA,NA,NA,NA,NA,NA,NA,NA,3299,3.328,NA,44671471,NA,13423,NA,152466529,NA,45813,NA,3.413,NA,3,NA,NA,NA,NA,NA,NA,NA,NA,NA,NA,NA,NA,NA,NA,NA,NA,NA,10129,12.8,NA,1,504572834,NA,413574000,NA,NA,NA,NA,7,NA,NA,NA,NA
Dendrolagus goodfellowi,NA,NA,NA,13608,NA,NA,2408,4.236,NA,1240000000,NA,292025,NA,NA,NA,NA,NA,0.249,NA,NA,1,NA,NA,4110,19.57,NA,273430000,NA,13972,NA,NA,NA,NA,NA,4.603,NA,46,188300000,16599,2.721,4064,45,NA,NA,NA,NA,NA,NA,NA,4798,1.29,18150000,14073,NA,4.552,NA,1,NA,NA,NA,NA,NA,NA,NA,NA,NA,NA,NA,NA,5.066,29630000,5849,12.021,NA,NA,NA,NA,NA,NA,NA,NA,NA,NA,NA,NA,NA,NA,NA,NA,NA,NA,NA,NA,NA,NA,NA,NA,NA,2.676,8230000,3075,15.077,NA,3835,7.742,NA,37860000,NA,4890,NA,NA,NA,NA,NA,12.685,NA,2,NA,NA,NA,NA,NA,NA,NA,NA,NA,NA,NA,NA,NA,NA,NA,NA,NA,3818,31.548,NA,NA,1.55e+09,NA,NA,NA,1.322,NA,NA,49,NA,NA,NA,NA
Didelphis aurita,NA,NA,NA,1200,NA,NA,6893,0.778,NA,334260000,NA,429647,NA,NA,NA,NA,NA,0.122,NA,NA,1,NA,NA,5511,2.136,NA,42500000,NA,19897,NA,NA,NA,NA,NA,2.847,NA,31,31490000,21901,2.35,5679,30,0.36,5270000,14636,4.139,NA,NA,NA,4788,0.386,7230000,18731,NA,3.149,NA,1,NA,NA,NA,NA,NA,NA,NA,NA,0.5,6240000,12482,5.729,0.86,11510000,13384,5.001,NA,NA,NA,NA,NA,0.342,NA,NA,31340000,NA,91646,NA,NA,NA,NA,NA,1.273,NA,NA,NA,NA,NA,NA,NA,NA,0.518,4220000,8152,8.251,NA,6043,1.378,NA,15730000,NA,11417,NA,NA,NA,NA,NA,5.873,NA,3,NA,NA,NA,NA,NA,NA,NA,NA,NA,NA,NA,NA,NA,NA,NA,NA,NA,5961,4.292,NA,NA,392500000,NA,NA,NA,0.648,NA,NA,35,NA,NA,NA,NA
Elephantulus myurus,NA,NA,NA,45.1,NA,NA,4896,0.168,NA,89312372,2852000,531494,10651,23368628,1279000,139028,5956,0.261,0.005,NA,2,NA,NA,2338,0.471,0.021,25865000,4020000,54644,6098,26229000,1104000,55693,138,1.032,0.119,3,NA,NA,NA,1631,2,NA,NA,NA,NA,NA,NA,NA,4116,NA,NA,NA,NA,NA,NA,1,NA,NA,NA,NA,NA,NA,NA,NA,NA,NA,NA,NA,NA,NA,NA,NA,NA,NA,NA,NA,NA,0.05,0.01,2,9693534,1745000,194678,5708,4919466,NA,97872,NA,0.507,NA,NA,NA,NA,NA,NA,NA,NA,NA,NA,NA,NA,NA,3295,0.401,0.063,14012533,3258000,34520,2702,28997467,7906000,70967,8566,2.048,0.088,2,NA,NA,NA,NA,NA,NA,NA,NA,NA,NA,NA,NA,NA,NA,NA,NA,NA,2818,1.04,0.082,2,129190603,4424000,78594397,7733000,NA,NA,NA,7,NA,NA,NA,NA
Epomophorus wahlbergi,NA,NA,NA,74,NA,NA,NA,NA,NA,121136246,NA,626067,NA,NA,NA,NA,NA,NA,NA,NA,NA,NA,NA,NA,NA,NA,26201540,NA,41326,NA,NA,NA,NA,NA,NA,NA,NA,NA,NA,NA,NA,NA,NA,NA,NA,NA,NA,NA,NA,NA,NA,NA,NA,NA,NA,NA,NA,NA,NA,NA,NA,NA,NA,NA,NA,NA,NA,NA,NA,NA,NA,NA,NA,NA,NA,NA,NA,NA,NA,NA,NA,NA,NA,NA,NA,NA,NA,NA,NA,NA,NA,NA,NA,NA,NA,NA,NA,NA,NA,NA,NA,NA,NA,NA,NA,NA,14416846,NA,37309,NA,NA,NA,NA,NA,NA,NA,NA,NA,NA,NA,NA,NA,NA,NA,NA,NA,NA,NA,NA,NA,NA,NA,NA,NA,NA,1.224,NA,2 females (1H each),161754633,NA,NA,NA,NA,NA,NA,NA,NA,NA,NA,NA
Epomops franqueti,NA,NA,NA,120,NA,NA,NA,NA,NA,150660138,NA,525829,NA,NA,NA,NA,NA,NA,NA,NA,NA,NA,NA,NA,NA,NA,22533501,NA,21663,NA,NA,NA,NA,NA,NA,NA,NA,NA,NA,NA,NA,NA,NA,NA,NA,NA,NA,NA,NA,NA,NA,NA,NA,NA,NA,NA,NA,NA,NA,NA,NA,NA,NA,NA,NA,NA,NA,NA,NA,NA,NA,NA,NA,NA,NA,NA,NA,NA,NA,NA,NA,NA,NA,NA,NA,NA,NA,NA,NA,NA,NA,NA,NA,NA,NA,NA,NA,NA,NA,NA,NA,NA,NA,NA,NA,NA,12808860,NA,17986,NA,NA,NA,NA,NA,NA,NA,NA,NA,NA,NA,NA,NA,NA,NA,NA,NA,NA,NA,NA,NA,NA,NA,NA,NA,NA,2.044,NA,2 (1H each),186002499,NA,NA,NA,NA,NA,NA,NA,NA,NA,NA,NA
Felis catus,NA,NA,NA,NA,NA,4.5,4271,5.11,NA,942900000,NA,184521,NA,326100000,NA,NA,NA,0.346,NA,NA,1,NA,NA,3048,24.176,NA,249830000,NA,10334,NA,1097100000,NA,NA,NA,4.391,NA,44,NA,NA,NA,3078,43,NA,NA,NA,NA,NA,NA,NA,2228,0.876,8050000,9187,55950000,6.952,NA,1,NA,NA,NA,NA,NA,NA,NA,NA,NA,NA,NA,NA,NA,NA,NA,NA,NA,NA,NA,NA,NA,NA,NA,NA,NA,NA,NA,NA,NA,NA,NA,NA,NA,NA,NA,NA,NA,NA,NA,NA,NA,NA,NA,NA,NA,NA,1831,5.572,NA,22470000,NA,4033,NA,305590000,NA,NA,NA,13.598,NA,3,NA,NA,NA,NA,NA,NA,NA,NA,NA,NA,NA,NA,NA,NA,NA,NA,NA,3032,34.858,NA,NA,1215210000,NA,1728790000,NA,1.423,NA,NA,48,NA,NA,NA,NA
Fukomys anselli,0.0216,26,5,93.45,20.47,NA,NA,NA,NA,75440000,8900000,NA,NA,NA,NA,NA,NA,NA,NA,0.1672,NA,200,52,NA,NA,NA,9730000,2230000,NA,NA,NA,NA,NA,NA,NA,NA,NA,NA,NA,NA,NA,NA,NA,NA,NA,NA,0.0317,38,4,NA,NA,NA,NA,NA,NA,0.0682,NA,82,23,0.0296,35,5,0.1104,132,32,NA,NA,NA,NA,NA,NA,NA,NA,3900000,1160000,0.2436,291,40,NA,NA,NA,8880000,640000,NA,NA,NA,NA,NA,NA,NA,NA,0.0463,55,15,0.0597,71,9,NA,NA,NA,NA,NA,NA,NA,NA,NA,NA,NA,NA,NA,NA,NA,NA,NA,NA,NA,NA,0.0124,15,3,0.07,84,11,4860000,900000,0.0266,32,6,0.05,60,19,0.0511,61,3,NA,NA,NA,NA,93940000,11640000,NA,NA,NA,NA,NA,NA,1.25,0.13,102820000,12280000
Fukomys damarensis,0.0169,22,2,110.53,30.29,NA,NA,NA,NA,129960000,18150000,NA,NA,NA,NA,NA,NA,NA,NA,0.153,NA,201,46,NA,NA,NA,21270000,590000,NA,NA,NA,NA,NA,NA,NA,NA,NA,NA,NA,NA,NA,NA,NA,NA,NA,NA,0.0338,44,6,NA,NA,NA,NA,NA,NA,0.0724,NA,95,12,0.0295,39,7,0.0841,110,9,NA,NA,NA,NA,NA,NA,NA,NA,4940000,1100000,0.2371,311,60,NA,NA,NA,12550000,1820000,NA,NA,NA,NA,NA,NA,NA,NA,0.0448,59,8,0.0673,88,8,NA,NA,NA,NA,NA,NA,NA,NA,NA,NA,NA,NA,NA,NA,NA,NA,NA,NA,NA,NA,0.0112,15,1,0.0779,102,17,9580000,1690000,0.0203,27,4,0.0427,56,14,0.0488,64,7,NA,NA,NA,NA,165750000,17260000,NA,NA,NA,NA,NA,NA,1.39,0.14,178300000,19080000
Fukomys darlingi,0.0141,16,2,115.19,44.83,NA,NA,NA,NA,84910000,3950000,NA,NA,NA,NA,NA,NA,NA,NA,0.1346,NA,156,27,NA,NA,NA,12490000,530000,NA,NA,NA,NA,NA,NA,NA,NA,NA,NA,NA,NA,NA,NA,NA,NA,NA,NA,0.0355,41,10,NA,NA,NA,NA,NA,NA,0.0657,NA,76,4,0.0253,29,1,0.0871,101,6,NA,NA,NA,NA,NA,NA,NA,NA,3140000,150000,0.2346,271,19,NA,NA,NA,7600000,1250000,NA,NA,NA,NA,NA,NA,NA,NA,0.0376,43,10,0.0667,77,9,NA,NA,NA,NA,NA,NA,NA,NA,NA,NA,NA,NA,NA,NA,NA,NA,NA,NA,NA,NA,0.0141,16,3,0.0856,99,16,5190000,810000,0.0213,25,1,0.0394,45,5,0.0437,51,7,NA,NA,NA,NA,105750000,2540000,NA,NA,NA,NA,NA,NA,1.23,0.12,113350000,3790000
Fukomys mechowii,0.0169,35,10,270.16,52.85,NA,NA,NA,NA,122640000,14340000,NA,NA,NA,NA,NA,NA,NA,NA,0.1895,NA,391,58,NA,NA,NA,23320000,940000,NA,NA,NA,NA,NA,NA,NA,NA,NA,NA,NA,NA,NA,NA,NA,NA,NA,NA,0.0342,71,13,NA,NA,NA,NA,NA,NA,0.0663,NA,137,11,0.0292,60,7,0.1172,242,87,NA,NA,NA,NA,NA,NA,NA,NA,4750000,980000,0.3033,627,8,NA,NA,NA,14110000,2130000,NA,NA,NA,NA,NA,NA,NA,NA,0.0369,76,6,0.0642,133,9,NA,NA,NA,NA,NA,NA,NA,NA,NA,NA,NA,NA,NA,NA,NA,NA,NA,NA,NA,NA,0.0117,24,1,0.0958,198,2,9420000,880000,0.0197,41,1,0.0398,82,13,0.0562,116,13,NA,NA,NA,NA,160130000,12470000,NA,NA,NA,NA,NA,NA,2.15,0.24,174240000,14600000
Georychus capensis,0.0183,28,3,155.09,39.08,NA,NA,NA,NA,116740000,10310000,NA,NA,NA,NA,NA,NA,NA,NA,0.1603,NA,250,14,NA,NA,NA,25600000,2090000,NA,NA,NA,NA,NA,NA,NA,NA,NA,NA,NA,NA,NA,NA,NA,NA,NA,NA,0.0344,53,8,NA,NA,NA,NA,NA,NA,0.0732,NA,114,19,0.032,50,6,0.0973,151,21,NA,NA,NA,NA,NA,NA,NA,NA,5810000,340000,0.2581,401,46,NA,NA,NA,12460000,1420000,NA,NA,NA,NA,NA,NA,NA,NA,0.0479,74,8,0.0623,97,13,NA,NA,NA,NA,NA,NA,NA,NA,NA,NA,NA,NA,NA,NA,NA,NA,NA,NA,NA,NA,0.0136,21,2,0.0794,123,22,9060000,1130000,0.022,34,2,0.0397,62,8,0.0558,87,16,NA,NA,NA,NA,157210000,10000000,NA,NA,NA,NA,NA,NA,1.65,0.18,169670000,11420000
Giraffa camelopardalis,NA,NA,NA,470000,NA,NA,4401,67.73,NA,8878076563,NA,131080,NA,5520360938,NA,81505,NA,0.622,NA,NA,1,NA,NA,6330,398.808,NA,1730513460,NA,4339,NA,27513706540,NA,68990,NA,15.9,NA,45,NA,NA,NA,6278,44,NA,NA,NA,NA,NA,NA,NA,9327,NA,NA,NA,NA,NA,NA,1,NA,NA,NA,NA,NA,NA,NA,NA,NA,NA,NA,NA,NA,NA,NA,NA,NA,NA,NA,NA,NA,2.052,NA,1,24678000,NA,12026,NA,232384500,NA,113248,NA,9.417,NA,NA,NA,NA,NA,NA,NA,NA,NA,NA,NA,NA,NA,7005,70.68,NA,142697625,NA,2019,NA,4878864876,NA,69028,NA,34.19,NA,5,NA,NA,NA,NA,NA,NA,NA,NA,NA,NA,NA,NA,NA,NA,NA,NA,NA,6278,537.218,NA,1,10751287650,NA,37912932350,NA,NA,23.5,NA,51,NA,NA,NA,NA
Gorilla gorilla,NA,NA,NA,NA,NA,NA,NA,37.56,NA,2.64e+10,NA,702875,NA,2.9e+09,NA,77210,NA,0.11,NA,NA,NA,NA,NA,NA,NA,NA,NA,NA,NA,NA,NA,NA,NA,NA,NA,NA,NA,NA,NA,NA,NA,NA,NA,NA,NA,NA,NA,NA,NA,NA,NA,NA,NA,NA,NA,NA,NA,NA,NA,NA,NA,NA,NA,NA,NA,NA,NA,NA,NA,NA,NA,NA,NA,NA,NA,NA,NA,NA,NA,NA,NA,NA,NA,NA,NA,NA,NA,NA,NA,NA,NA,NA,NA,NA,NA,NA,NA,NA,NA,NA,NA,NA,NA,NA,NA,NA,NA,NA,NA,NA,NA,NA,NA,NA,NA,NA,NA,NA,NA,NA,NA,NA,NA,NA,NA,NA,NA,NA,NA,NA,NA,NA,NA,NA,NA,NA,NA,NA,NA,NA,NA,NA,NA,NA,NA,NA,NA,NA,NA,NA
Heliophobius argenteocinereus,0.0219,34,4,180.51,35.45,NA,NA,NA,NA,94820000,1970000,NA,NA,NA,NA,NA,NA,NA,NA,0.1385,NA,215,37,NA,NA,NA,25440000,2230000,NA,NA,NA,NA,NA,NA,NA,NA,NA,NA,NA,NA,NA,NA,NA,NA,NA,NA,0.0362,56,4,NA,NA,NA,NA,NA,NA,0.074,NA,115,8,0.0272,42,5,0.0776,120,22,NA,NA,NA,NA,NA,NA,NA,NA,5460000,840000,0.295,457,25,NA,NA,NA,10300000,2150000,NA,NA,NA,NA,NA,NA,NA,NA,0.0389,60,8,0.0689,107,4,NA,NA,NA,NA,NA,NA,NA,NA,NA,NA,NA,NA,NA,NA,NA,NA,NA,NA,NA,NA,0.0116,18,2,0.0823,127,11,11920000,1130000,0.0183,28,3,0.0363,56,3,0.0578,90,5,NA,NA,NA,NA,137640000,4650000,NA,NA,NA,NA,NA,NA,1.65,0.12,147940000,6800000
Heterocephalus glaber,0.0289,12,1,37.74,12.02,NA,NA,0.048,0.004,20520000,3010000,327280,48331,5482730,1274352,115748,32952,0.356,0.106,0.1163,NA,48,5,NA,0.184,0.026,5310000,310000,33374,2063,8398125,1197056,45894,11497,1.365,0.125,NA,NA,NA,NA,NA,NA,NA,NA,NA,NA,0.0345,14,4,NA,NA,NA,NA,NA,NA,0.076,NA,32,6,0.0404,17,1,0.1131,47,6,NA,NA,NA,NA,NA,NA,NA,NA,1910000,280000,0.2416,100,5,0.021,0.001,3,3010000,330000,108895,22957,3571970,1548861,167991,62442,1.516,0.254,0.0492,20,3,0.094,39,5,NA,NA,NA,NA,NA,NA,NA,0.16,0.019,4981317,853026,31674,8484,10310350,1843572,64145,3790,2.125,NA,NA,0.0098,4.1,0.4,0.0693,29,4,2860000,500000,0.0232,10,3,0.0462,19,4,0.0566,23,3,NA,0.392,0.045,3,30610000,3330000,24191205,1739102,NA,52.5,3.3,NA,0.44,0.04,33620000,3660000
Homo sapiens,NA,NA,NA,70000,NA,NA,NA,154.02,19.29,6.903e+10,6.65e+09,471660,90393,1.604e+10,2170000,101020,19800,0.232,0.019,NA,NA,NA,NA,2403,1232.93,233.68,1.634e+10,2.17e+09,13520,3636,6.084e+10,7.02e+09,49230,3755,3.723,0.675,290,NA,NA,NA,2381,271,NA,NA,NA,NA,NA,NA,NA,3085,NA,NA,NA,NA,NA,NA,19,NA,NA,NA,NA,NA,NA,NA,NA,NA,NA,NA,NA,NA,NA,NA,NA,NA,NA,NA,NA,NA,NA,NA,NA,NA,NA,NA,NA,NA,NA,NA,NA,NA,NA,NA,NA,NA,NA,NA,NA,NA,NA,NA,NA,NA,NA,NA,117.66,45.42,690000000,120000000,6560,2115,7.73e+09,1450000000,69850,20026,11.203,2.352,NA,NA,NA,NA,NA,NA,NA,NA,NA,NA,NA,NA,NA,NA,NA,NA,NA,NA,NA,1508.91,299.14,4,8.606e+10,8.12e+09,8.461e+10,9.83e+09,NA,50.5,3.6,NA,NA,NA,NA,NA
Hyaena hyaena,NA,NA,NA,NA,NA,40,NA,14.032,NA,3333830000,NA,237588,NA,594290000,NA,NA,NA,0.178,NA,NA,NA,NA,NA,NA,67.45,NA,495280000,NA,7343,NA,2977760000,NA,NA,NA,6.012,NA,NA,NA,NA,NA,NA,NA,NA,NA,NA,NA,NA,NA,NA,NA,3.366,18240000,5418,139820000,7.667,NA,NA,NA,NA,NA,NA,NA,NA,NA,NA,NA,NA,NA,NA,NA,NA,NA,NA,NA,NA,NA,NA,NA,NA,NA,NA,NA,NA,NA,NA,NA,NA,NA,NA,NA,NA,NA,NA,NA,NA,NA,NA,NA,NA,NA,NA,NA,NA,NA,17.732,NA,55490000,NA,3129,NA,929340000,NA,NA,NA,16.749,NA,NA,NA,NA,NA,NA,NA,NA,NA,NA,NA,NA,NA,NA,NA,NA,NA,NA,NA,NA,99.214,NA,NA,3884600000,NA,4501390000,NA,1.159,NA,NA,NA,NA,NA,NA,NA
Hydrochoerus hydrochaeris,NA,NA,NA,47500,3536,NA,NA,6.632,1.312,1157810000,5515433,177982,34889,570940000,81105148,86574,4902,0.493,0.068,NA,NA,NA,NA,NA,48.175,2.714,306501565,62726120,6336,945,1847818435,512392109,38117,8489,5.983,0.447,NA,NA,NA,NA,NA,NA,NA,NA,NA,NA,NA,NA,NA,NA,NA,NA,NA,NA,NA,NA,NA,NA,NA,NA,NA,NA,NA,NA,NA,NA,NA,NA,NA,NA,NA,NA,NA,NA,NA,NA,NA,NA,1.302,0.031,2,28560310,8515588,21864,6018,67389690,21015416,51544,17981,2.333,0.18,NA,NA,NA,NA,NA,NA,NA,NA,NA,NA,NA,NA,NA,19.927,0.27,108250000,4400000,5434,NA,779170000,381900000,39234,NA,NA,NA,NA,NA,NA,NA,NA,NA,NA,NA,NA,NA,NA,NA,NA,NA,NA,NA,NA,NA,NA,74.734,3.756,2,1572560385,72641426,3197929615,974583717,NA,33.6,5.8,NA,NA,NA,NA,NA
Hypsignathus monstrosus,NA,NA,NA,310,NA,NA,NA,NA,NA,221298619,NA,484806,NA,NA,NA,NA,NA,NA,NA,NA,NA,NA,NA,NA,NA,NA,24343593,NA,13481,NA,NA,NA,NA,NA,NA,NA,NA,NA,NA,NA,NA,NA,NA,NA,NA,NA,NA,NA,NA,NA,NA,NA,NA,NA,NA,NA,NA,NA,NA,NA,NA,NA,NA,NA,NA,NA,NA,NA,NA,NA,NA,NA,NA,NA,NA,NA,NA,NA,NA,NA,NA,NA,NA,NA,NA,NA,NA,NA,NA,NA,NA,NA,NA,NA,NA,NA,NA,NA,NA,NA,NA,NA,NA,NA,NA,NA,28877041,NA,24684,NA,NA,NA,NA,NA,NA,NA,NA,NA,NA,NA,NA,NA,NA,NA,NA,NA,NA,NA,NA,NA,NA,NA,NA,NA,NA,3.459,NA,2 (1 female) (1H each),274519253,NA,NA,NA,NA,NA,NA,NA,NA,NA,NA,NA
Loxodonta africana,NA,NA,NA,5e+06,NA,NA,5982,1171.628,NA,250708527536,NA,213983,NA,38507229964,NA,32866,NA,0.154,NA,NA,80,NA,NA,4192,2847.594,NA,5593241033,NA,1964,NA,55698998687,NA,52721,NA,26.844,NA,264,NA,NA,NA,4149,263,NA,NA,NA,NA,NA,NA,NA,8175,NA,NA,NA,NA,NA,NA,1,NA,NA,NA,NA,NA,NA,NA,NA,NA,NA,NA,NA,NA,NA,NA,NA,NA,NA,NA,NA,NA,41.886,NA,1,908371986,NA,21687,NA,2857878014,NA,68230,NA,3.146,NA,NA,NA,NA,NA,NA,NA,NA,NA,NA,NA,NA,NA,3450,564.674,NA,741704844,NA,1314,NA,27404306156,NA,48531,NA,36.948,NA,44,NA,NA,NA,NA,NA,NA,NA,NA,NA,NA,NA,NA,NA,NA,NA,NA,NA,4562,4618.62,NA,1,257043473412,NA,216057982337,NA,NA,NA,NA,388,NA,NA,NA,NA
Macaca fascicularis,NA,NA,NA,5700,NA,NA,NA,5.642,NA,2572600000,NA,455973,NA,135400000,NA,23999,NA,0.053,NA,NA,NA,NA,NA,4727,36.226,NA,800955000,NA,22110,NA,2758845000,NA,76156,NA,3.444,NA,79,NA,NA,NA,NA,NA,NA,NA,NA,NA,NA,NA,NA,NA,NA,NA,NA,NA,NA,NA,NA,NA,NA,NA,NA,NA,NA,NA,NA,NA,NA,NA,NA,NA,NA,NA,NA,NA,NA,NA,NA,NA,NA,NA,NA,NA,NA,NA,NA,NA,NA,NA,NA,NA,NA,NA,NA,NA,NA,NA,NA,NA,NA,NA,NA,NA,NA,NA,4.294,NA,65449620,NA,15242,NA,260170380,NA,60589,NA,3.975,NA,NA,NA,NA,NA,NA,NA,NA,NA,NA,NA,NA,NA,NA,NA,NA,NA,NA,NA,NA,46.162,NA,1,3439004620,NA,3154415380,NA,NA,52.2,NA,NA,NA,NA,NA,NA
Macaca mulatta,NA,NA,NA,3900,NA,NA,NA,7.694,NA,4.55e+09,NA,590800,NA,931030000,NA,121010,NA,0.205,NA,NA,NA,NA,NA,NA,69.832,NA,1.71e+09,NA,24470,NA,5.27e+09,NA,75400,NA,3.082,NA,NA,NA,NA,NA,NA,NA,NA,NA,NA,NA,NA,NA,NA,NA,NA,NA,NA,NA,NA,NA,NA,NA,NA,NA,NA,NA,NA,NA,NA,NA,NA,NA,NA,NA,NA,NA,NA,NA,NA,NA,NA,NA,0.088,NA,1,8473800,NA,96293,NA,11006200,NA,125070,NA,1.299,NA,NA,NA,NA,NA,NA,NA,NA,NA,NA,NA,NA,NA,NA,9.204,0.871,121900000,NA,12410,NA,966520000,NA,98420,NA,7.929,NA,NA,NA,NA,NA,NA,NA,NA,NA,NA,NA,NA,NA,NA,NA,NA,NA,NA,NA,NA,87.346,NA,1,6376160000,NA,7162900000,NA,NA,47.1,NA,NA,NA,NA,NA,NA
Macaca nemestrina,NA,NA,NA,NA,NA,NA,NA,NA,NA,NA,NA,NA,NA,NA,NA,NA,NA,NA,NA,NA,NA,NA,NA,3668,NA,NA,NA,NA,NA,NA,NA,NA,NA,NA,NA,NA,106,NA,NA,NA,NA,NA,NA,NA,NA,NA,NA,NA,NA,NA,NA,NA,NA,NA,NA,NA,NA,NA,NA,NA,NA,NA,NA,NA,NA,NA,NA,NA,NA,NA,NA,NA,NA,NA,NA,NA,NA,NA,NA,NA,NA,NA,NA,NA,NA,NA,NA,NA,NA,NA,NA,NA,NA,NA,NA,NA,NA,NA,NA,NA,NA,NA,NA,NA,NA,NA,NA,NA,NA,NA,NA,NA,NA,NA,NA,NA,NA,NA,NA,NA,NA,NA,NA,NA,NA,NA,NA,NA,NA,NA,NA,NA,NA,NA,NA,NA,NA,NA,NA,NA,NA,NA,NA,NA,NA,NA,NA,NA,NA,NA
Macaca radiata,NA,NA,NA,8012,NA,NA,NA,5.748,NA,2038554160,NA,354655,NA,453565840,NA,78908,NA,0.222,NA,NA,NA,NA,NA,NA,48.274,NA,1655707140,NA,34298,NA,3808672860,NA,78897,NA,2.3,NA,NA,NA,NA,NA,NA,NA,NA,NA,NA,NA,NA,NA,NA,NA,NA,NA,NA,NA,NA,NA,NA,NA,NA,NA,NA,NA,NA,NA,NA,NA,NA,NA,NA,NA,NA,NA,NA,NA,NA,NA,NA,NA,NA,NA,NA,NA,NA,NA,NA,NA,NA,NA,NA,NA,NA,NA,NA,NA,NA,NA,NA,NA,NA,NA,NA,NA,NA,NA,7.448,NA,61359000,NA,8238,NA,616641000,NA,82793,NA,10.05,NA,NA,NA,NA,NA,NA,NA,NA,NA,NA,NA,NA,NA,NA,NA,NA,NA,NA,NA,NA,61.47,NA,1,3755620300,NA,4878879700,NA,NA,43.5,NA,NA,NA,NA,NA,NA
Macronycteris commersoni,NA,NA,NA,101.9,NA,NA,NA,NA,NA,51875702,NA,483525,NA,NA,NA,NA,NA,NA,NA,NA,NA,NA,NA,NA,NA,NA,7877834,NA,32406,NA,NA,NA,NA,NA,NA,NA,NA,NA,NA,NA,NA,NA,NA,NA,NA,NA,NA,NA,NA,NA,NA,NA,NA,NA,NA,NA,NA,NA,NA,NA,NA,NA,NA,NA,NA,NA,NA,NA,NA,NA,NA,NA,NA,NA,NA,NA,NA,NA,NA,NA,NA,NA,NA,NA,NA,NA,NA,NA,NA,NA,NA,NA,NA,NA,NA,NA,NA,NA,NA,NA,NA,NA,NA,NA,NA,NA,6965297,NA,29267,NA,NA,NA,NA,NA,NA,NA,NA,NA,NA,NA,NA,NA,NA,NA,NA,NA,NA,NA,NA,NA,NA,NA,NA,NA,NA,0.588,NA,2 females (1H each),66718833,NA,NA,NA,NA,NA,NA,NA,NA,NA,NA,NA
Macropus fuliginosus,NA,NA,NA,25855,NA,NA,3107,7.358,NA,1990000000,NA,270449,NA,NA,NA,NA,NA,0.368,NA,NA,1,NA,NA,4023,40.194,NA,370170000,NA,9210,NA,NA,NA,NA,NA,6.404,NA,54,271030000,11254,4.12,3913,53,NA,NA,NA,NA,NA,NA,NA,5438,2.938,44770000,15238,NA,4.076,NA,1,NA,NA,NA,NA,NA,NA,NA,NA,NA,NA,NA,NA,10.81,76400000,7067,11.723,NA,NA,NA,NA,NA,NA,NA,NA,NA,NA,NA,NA,NA,NA,NA,NA,NA,NA,NA,NA,NA,NA,NA,NA,NA,4.362,21340000,4893,11.821,NA,5337,15.172,NA,97740000,NA,6442,NA,NA,NA,NA,NA,11.744,NA,2,NA,NA,NA,NA,NA,NA,NA,NA,NA,NA,NA,NA,NA,NA,NA,NA,NA,4235,62.724,NA,NA,2.46e+09,NA,NA,NA,1.729,NA,NA,57,NA,NA,NA,NA
Marmosops incanus,NA,NA,NA,100,NA,NA,4988,0.158,NA,82400000,NA,521513,NA,NA,NA,NA,NA,0.292,NA,NA,1,NA,NA,6892,0.408,NA,20410000,NA,50033,NA,NA,NA,NA,NA,1.84,NA,2,NA,NA,NA,7339,1,0.104,3370000,32394,2.695,NA,NA,NA,4309,0.06,2580000,43036,NA,1.43,NA,1,NA,NA,NA,NA,NA,NA,NA,NA,0.092,3070000,33356,2.316,0.196,6440000,32846,2.514,NA,NA,NA,NA,NA,0.084,NA,NA,5520000,NA,65674,NA,NA,NA,NA,NA,0.958,NA,NA,NA,NA,NA,NA,NA,NA,0.148,2800000,18926,3.713,NA,6780,0.344,NA,9240000,NA,26857,NA,NA,NA,NA,NA,2.878,NA,3,NA,NA,NA,NA,NA,NA,NA,NA,NA,NA,NA,NA,NA,NA,NA,NA,NA,6515,0.91,NA,NA,112050000,NA,NA,NA,0.788,NA,NA,6,NA,NA,NA,NA
Megaloglossus woermanni,NA,NA,NA,17.9,NA,NA,NA,NA,NA,49734021,NA,627122,NA,NA,NA,NA,NA,NA,NA,NA,NA,NA,NA,NA,NA,NA,11897169,NA,38490,NA,NA,NA,NA,NA,NA,NA,NA,NA,NA,NA,NA,NA,NA,NA,NA,NA,NA,NA,NA,NA,NA,NA,NA,NA,NA,NA,NA,NA,NA,NA,NA,NA,NA,NA,NA,NA,NA,NA,NA,NA,NA,NA,NA,NA,NA,NA,NA,NA,NA,NA,NA,NA,NA,NA,NA,NA,NA,NA,NA,NA,NA,NA,NA,NA,NA,NA,NA,NA,NA,NA,NA,NA,NA,NA,NA,NA,4097177,NA,25755,NA,NA,NA,NA,NA,NA,NA,NA,NA,NA,NA,NA,NA,NA,NA,NA,NA,NA,NA,NA,NA,NA,NA,NA,NA,NA,0.55,NA,2 (1H each),65728366,NA,NA,NA,NA,NA,NA,NA,NA,NA,NA,NA
Mesocricetus auratus,NA,NA,NA,168.1,13.6,NA,NA,0.145,0.03,61210000,12351246,424002,3743,7430000,1713108,51332,1054,0.121,0.004,NA,NA,NA,NA,NA,0.446,0.048,17140000,3619934,39099,12332,41870000,1350121,94271,7136,2.507,0.608,NA,NA,NA,NA,NA,NA,NA,NA,NA,NA,NA,NA,NA,NA,NA,NA,NA,NA,NA,NA,NA,NA,NA,NA,NA,NA,NA,NA,NA,NA,NA,NA,NA,NA,NA,NA,NA,NA,NA,NA,NA,NA,0.055,0.011,2,5747930,347203,105418,27498,5507170,2277605,96197,21237,0.972,0.455,NA,NA,NA,NA,NA,NA,NA,NA,NA,NA,NA,NA,NA,0.375,0.057,5870000,1162059,15611,715,21330000,8878857,55804,15174,3.556,NA,NA,NA,NA,NA,NA,NA,NA,NA,NA,NA,NA,NA,NA,NA,NA,NA,NA,NA,NA,0.965,0.136,2,84220000,9893371,70640000,11942086,NA,54.3,1.3,NA,NA,NA,NA,NA
Metachirus nudicaudatus,NA,NA,NA,407,NA,NA,5057,0.342,NA,134130000,NA,392196,NA,NA,NA,NA,NA,0.24,NA,NA,1,NA,NA,2675,0.992,NA,20190000,NA,20354,NA,NA,NA,NA,NA,3.199,NA,2,NA,NA,NA,2621,1,0.234,3890000,16618,5.707,NA,NA,NA,2978,0.144,4190000,29109,NA,1.899,NA,1,NA,NA,NA,NA,NA,NA,NA,NA,0.158,3620000,22926,3.182,0.392,7510000,19161,4.489,NA,NA,NA,NA,NA,0.206,NA,NA,31380000,NA,152341,NA,NA,NA,NA,NA,0.647,NA,NA,NA,NA,NA,NA,NA,NA,0.282,3760000,13338,5.653,NA,5446,0.674,NA,11270000,NA,16725,NA,NA,NA,NA,NA,4.878,NA,3,NA,NA,NA,NA,NA,NA,NA,NA,NA,NA,NA,NA,NA,NA,NA,NA,NA,4014,2.008,NA,NA,165590000,NA,NA,NA,0.916,NA,NA,6,NA,NA,NA,NA
Microcebus murinus,NA,NA,NA,60,NA,NA,NA,0.391,NA,221386140,NA,566205,NA,17433860,NA,44588,NA,0.079,NA,NA,NA,NA,NA,NA,0.908,NA,22310400,NA,24571,NA,70649600,NA,77808,NA,3.167,NA,NA,NA,NA,NA,NA,NA,NA,NA,NA,NA,NA,NA,NA,NA,NA,NA,NA,NA,NA,NA,NA,NA,NA,NA,NA,NA,NA,NA,NA,NA,NA,NA,NA,NA,NA,NA,NA,NA,NA,NA,NA,NA,0.03,0.008,2,7636912,119088,270894,61946,9723088,842576,341900,54311,1.273,NA,NA,NA,NA,NA,NA,NA,NA,NA,NA,NA,NA,NA,NA,0.5,NA,11014640,NA,22029,NA,50865360,NA,101731,NA,4.618,NA,NA,NA,NA,NA,NA,NA,NA,NA,NA,NA,NA,NA,NA,NA,NA,NA,NA,NA,NA,1.799,NA,1,254711180,NA,138948820,NA,NA,64.7,NA,NA,NA,NA,NA,NA
Miniopterus schreibersii,NA,NA,NA,11.6,NA,NA,NA,NA,NA,44447776,NA,915845,NA,NA,NA,NA,NA,NA,NA,NA,NA,NA,NA,NA,NA,NA,6116028,NA,71277,NA,NA,NA,NA,NA,NA,NA,NA,NA,NA,NA,NA,NA,NA,NA,NA,NA,NA,NA,NA,NA,NA,NA,NA,NA,NA,NA,NA,NA,NA,NA,NA,NA,NA,NA,NA,NA,NA,NA,NA,NA,NA,NA,NA,NA,NA,NA,NA,NA,NA,NA,NA,NA,NA,NA,NA,NA,NA,NA,NA,NA,NA,NA,NA,NA,NA,NA,NA,NA,NA,NA,NA,NA,NA,NA,NA,NA,5094974,NA,59204,NA,NA,NA,NA,NA,NA,NA,NA,NA,NA,NA,NA,NA,NA,NA,NA,NA,NA,NA,NA,NA,NA,NA,NA,NA,NA,0.219,NA,2 (1H each),55658777,NA,NA,NA,NA,NA,NA,NA,NA,NA,NA,NA
Mops pumilus,NA,NA,NA,5.4,NA,NA,NA,NA,NA,25324375,NA,697515,NA,NA,NA,NA,NA,NA,NA,NA,NA,NA,NA,NA,NA,NA,5632618,NA,66967,NA,NA,NA,NA,NA,NA,NA,NA,NA,NA,NA,NA,NA,NA,NA,NA,NA,NA,NA,NA,NA,NA,NA,NA,NA,NA,NA,NA,NA,NA,NA,NA,NA,NA,NA,NA,NA,NA,NA,NA,NA,NA,NA,NA,NA,NA,NA,NA,NA,NA,NA,NA,NA,NA,NA,NA,NA,NA,NA,NA,NA,NA,NA,NA,NA,NA,NA,NA,NA,NA,NA,NA,NA,NA,NA,NA,NA,4001397,NA,47232,NA,NA,NA,NA,NA,NA,NA,NA,NA,NA,NA,NA,NA,NA,NA,NA,NA,NA,NA,NA,NA,NA,NA,NA,NA,NA,0.208,NA,2 (1 female) (2H each),34958391,NA,NA,NA,NA,NA,NA,NA,NA,NA,NA,NA
Mungos mungo,NA,NA,NA,NA,NA,1.5,5617,1.548,NA,315740000,NA,203966,NA,154260000,NA,NA,NA,0.489,NA,NA,1,NA,NA,NA,9.29,NA,115770000,NA,12462,NA,346560000,NA,NA,NA,2.994,NA,20,NA,NA,NA,NA,19,NA,NA,NA,NA,NA,NA,NA,2018,0.428,2660000,6225,22960000,8.618,NA,1,NA,NA,NA,NA,NA,NA,NA,NA,NA,NA,NA,NA,NA,NA,NA,NA,NA,NA,NA,NA,NA,NA,NA,NA,NA,NA,NA,NA,NA,NA,NA,NA,NA,NA,NA,NA,NA,NA,NA,NA,NA,NA,NA,NA,NA,NA,1.915,3.454,NA,22510000,NA,6518,NA,151540000,NA,NA,NA,6.731,NA,3,NA,NA,NA,NA,NA,NA,NA,NA,NA,NA,NA,NA,NA,NA,NA,NA,NA,NA,14.292,NA,NA,454020000,NA,652370000,NA,1.437,NA,NA,24,NA,NA,NA,NA
Mus musculus,NA,NA,NA,40.4,11.6,NA,NA,0.056,0.005,42219708,9277647,746691,128541,6947791,1502773,123493,25715,0.165,0.017,NA,NA,NA,NA,NA,0.173,0.015,13688162,2242257,78672,7683,12061838,3668594,68643,15807,0.87,0.177,NA,NA,NA,NA,NA,NA,NA,NA,NA,NA,NA,NA,NA,NA,NA,NA,NA,NA,NA,NA,NA,NA,NA,NA,NA,NA,NA,NA,NA,NA,NA,NA,NA,NA,NA,NA,NA,NA,NA,NA,NA,NA,0.014,0.004,4,3893300,1246396,257475,34036,5456700,1154502,371204,75573,1.454,0.26,NA,NA,NA,NA,NA,NA,NA,NA,NA,NA,NA,NA,NA,0.172,0.019,11960000,1577022,64301,6623,14850000,3590591,79839,11249,1.242,NA,NA,NA,NA,NA,NA,NA,NA,NA,NA,NA,NA,NA,NA,NA,NA,NA,NA,NA,NA,0.402,0.028,4,67873741,10406194,33858759,6657119,NA,65.3,2.3,NA,NA,NA,NA,NA
Mustela putorius furo,NA,NA,NA,NA,NA,0.8,9601,0.92,NA,351260000,NA,381810,NA,79600000,NA,NA,NA,0.227,NA,NA,2,NA,NA,6530,3.123,NA,38950000,NA,12473,NA,264060000,NA,NA,NA,6.779,NA,24,NA,NA,NA,6274,22,NA,NA,NA,NA,NA,NA,NA,8683,0.329,3190000,9702,29310000,9.182,NA,2,NA,NA,NA,NA,NA,NA,NA,NA,NA,NA,NA,NA,NA,NA,NA,NA,NA,NA,NA,NA,NA,0.25,NA,NA,14040000,NA,56150,NA,43480000,NA,NA,NA,3.097,NA,NA,NA,NA,NA,NA,NA,NA,NA,NA,NA,NA,NA,9269,1.386,NA,14210000,NA,10253,NA,129330000,NA,NA,NA,9.101,NA,4,NA,NA,NA,NA,NA,NA,NA,NA,NA,NA,NA,NA,NA,NA,NA,NA,NA,7758,5.429,NA,NA,404430000,NA,472980000,NA,1.253,NA,NA,30,NA,NA,NA,NA
Notamacropus parma,NA,NA,NA,4268,NA,NA,3117,1.69,NA,558080000,NA,330225,NA,NA,NA,NA,NA,0.447,NA,NA,1,NA,NA,4868,9.914,NA,135620000,NA,13680,NA,NA,NA,NA,NA,5.411,NA,35,117630000,18707,3.494,4664,34,NA,NA,NA,NA,NA,NA,NA,6302,1.238,8480000,6849,NA,13.006,NA,1,NA,NA,NA,NA,NA,NA,NA,NA,NA,NA,NA,NA,2.948,12650000,4290,20.645,NA,NA,NA,NA,NA,NA,NA,NA,NA,NA,NA,NA,NA,NA,NA,NA,NA,NA,NA,NA,NA,NA,NA,NA,NA,1.162,4770000,4107,15.447,NA,4928,4.11,NA,17420000,NA,4238,NA,NA,NA,NA,NA,19.221,NA,2,NA,NA,NA,NA,NA,NA,NA,NA,NA,NA,NA,NA,NA,NA,NA,NA,NA,4700,15.714,NA,NA,711130000,NA,NA,NA,1.733,NA,NA,38,NA,NA,NA,NA
Notamacropus rufogriseus,NA,NA,NA,11110,NA,NA,3811,3.572,NA,1020000000,NA,286273,NA,NA,NA,NA,NA,0.289,NA,NA,1,NA,NA,6120,16.102,NA,256780000,NA,15947,NA,NA,NA,NA,NA,4.545,NA,41,207740000,21631,2.589,5874,40,NA,NA,NA,NA,NA,NA,NA,8081,1.796,10770000,5999,NA,14.221,NA,1,NA,NA,NA,NA,NA,NA,NA,NA,NA,NA,NA,NA,5.93,35060000,5912,11.579,NA,NA,NA,NA,NA,NA,NA,NA,NA,NA,NA,NA,NA,NA,NA,NA,NA,NA,NA,NA,NA,NA,NA,NA,NA,1.39,7420000,5336,16.637,NA,4992,7.32,NA,42480000,NA,5803,NA,NA,NA,NA,NA,12.462,NA,2,NA,NA,NA,NA,NA,NA,NA,NA,NA,NA,NA,NA,NA,NA,NA,NA,NA,5510,26.994,NA,NA,1.32e+09,NA,NA,NA,1.629,NA,NA,44,NA,NA,NA,NA
Oryctolagus cuniculus,NA,NA,NA,4600,NA,NA,NA,1.412,NA,396671250,NA,280929,NA,124578750,NA,88229,NA,1.222,NA,NA,NA,NA,NA,NA,4.448,NA,71448750,NA,16063,NA,254801250,NA,57284,NA,3.566,NA,NA,NA,NA,NA,NA,NA,NA,NA,NA,NA,NA,NA,NA,NA,NA,NA,NA,NA,NA,NA,NA,NA,NA,NA,NA,NA,NA,NA,NA,NA,NA,NA,NA,NA,NA,NA,NA,NA,NA,NA,NA,NA,0.156,NA,1,18765000,NA,120288,NA,22935000,NA,147019,NA,1.222,NA,NA,NA,NA,NA,NA,NA,NA,NA,NA,NA,NA,NA,NA,3.272,NA,26085000,NA,7972,NA,251415000,NA,76838,NA,NA,NA,NA,NA,NA,NA,NA,NA,NA,NA,NA,NA,NA,NA,NA,NA,NA,NA,NA,NA,NA,9.132,NA,1,494205000,NA,630795000,NA,NA,43.9,NA,NA,NA,NA,NA,NA
Osphranter rufus,NA,NA,NA,13154,NA,NA,6525,4.786,NA,1530000000,NA,320282,NA,NA,NA,NA,NA,0.278,NA,NA,1,NA,NA,NA,NA,NA,NA,NA,NA,NA,NA,NA,NA,NA,NA,NA,NA,NA,NA,NA,NA,NA,NA,NA,NA,NA,NA,NA,NA,NA,NA,NA,NA,NA,NA,NA,NA,NA,NA,NA,NA,NA,NA,NA,NA,NA,NA,NA,NA,NA,NA,NA,NA,NA,NA,NA,NA,NA,NA,NA,NA,NA,NA,NA,NA,NA,NA,NA,NA,NA,NA,NA,NA,NA,NA,NA,NA,6196,2.886,19340000,6700,10.765,1,NA,NA,NA,NA,NA,NA,NA,NA,NA,NA,NA,NA,NA,NA,NA,NA,NA,NA,NA,NA,NA,NA,NA,NA,NA,NA,NA,NA,NA,NA,NA,NA,NA,NA,NA,NA,NA,NA,NA,NA,NA,NA,NA,NA,NA,NA,NA
Otolemur garnettii,NA,NA,NA,946.7,102.6,NA,NA,1.196,0.105,743500000,52450000,623080,45720,65960000,20290000,54460,11890,0.089,NA,NA,NA,NA,NA,8294,6.29,0.863,226090000,87570000,37820,20500,402070000,74790000,63610,3400,1.778,NA,23,NA,NA,NA,NA,NA,NA,NA,NA,NA,NA,NA,NA,NA,NA,NA,NA,NA,NA,NA,NA,NA,NA,NA,NA,NA,NA,NA,NA,NA,NA,NA,NA,NA,NA,NA,NA,NA,NA,NA,NA,NA,0.2,0.016,11,30237060,9645480,149219,47590,34244000,7155556,170505,39463,1.133,NA,NA,NA,NA,NA,NA,NA,NA,NA,NA,NA,NA,NA,NA,2.131,0.021,20800000,12280000,9730,5920,147440000,64500000,69040,NA,7.088,NA,NA,NA,NA,NA,NA,NA,NA,NA,NA,NA,NA,NA,NA,NA,NA,NA,NA,NA,NA,10.15,0.06,3,9.36e+08,115360000,666590000,63500000,NA,58.4,NA,NA,NA,NA,NA,NA
Panthera leo,NA,NA,NA,NA,NA,180,4989,24.882,NA,4049750000,NA,162758,NA,3.044e+09,NA,NA,NA,0.752,NA,NA,1,NA,NA,5686,139.902,NA,545240000,NA,3897,NA,7260970000,NA,NA,NA,13.317,NA,107,NA,NA,NA,5757,106,NA,NA,NA,NA,NA,NA,NA,2984,3.648,13540000,3711,177110000,13.083,NA,1,NA,NA,NA,NA,NA,NA,NA,NA,NA,NA,NA,NA,NA,NA,NA,NA,NA,NA,NA,NA,NA,NA,NA,NA,NA,NA,NA,NA,NA,NA,NA,NA,NA,NA,NA,NA,NA,NA,NA,NA,NA,NA,NA,NA,NA,NA,6169,34.162,NA,72040000,NA,2109,NA,2093860000,NA,NA,NA,29.063,NA,2,NA,NA,NA,NA,NA,NA,NA,NA,NA,NA,NA,NA,NA,NA,NA,NA,NA,5679,198.946,NA,NA,4667030000,NA,12398840000,NA,2.657,NA,NA,110,NA,NA,NA,NA
Papio cynocephalus,NA,NA,NA,8000,NA,NA,NA,13.745,NA,7794907300,NA,567109,NA,525977700,NA,38267,NA,0.067,NA,NA,NA,NA,NA,2773,120.214,NA,2875028372,NA,23916,NA,7569751628,NA,62969,NA,2.633,NA,102,NA,NA,NA,NA,NA,NA,NA,NA,NA,NA,NA,NA,NA,NA,NA,NA,NA,NA,NA,NA,NA,NA,NA,NA,NA,NA,NA,NA,NA,NA,NA,NA,NA,NA,NA,NA,NA,NA,NA,NA,NA,NA,NA,NA,NA,NA,NA,NA,NA,NA,NA,NA,NA,NA,NA,NA,NA,NA,NA,NA,NA,NA,NA,NA,NA,NA,NA,17.235,NA,278150760,NA,16136,NA,1079809236,NA,62656,NA,3.882,NA,NA,NA,NA,NA,NA,NA,NA,NA,NA,NA,NA,NA,NA,NA,NA,NA,NA,NA,NA,151.194,NA,2,10948086440,NA,9175538564,NA,NA,54.4,NA,NA,NA,NA,NA,NA
Parascalops breweri,NA,NA,NA,42.7,9.1,NA,NA,0.102,0.005,100780000,13850000,997370,173030,7010000,1100000,68795,7910,0.07,NA,NA,NA,NA,NA,NA,0.429,0.019,15690000,2611000,36727,7359,39870000,4884000,93185,14583,2.581,0.109,NA,NA,NA,NA,NA,NA,NA,NA,NA,NA,NA,NA,NA,NA,NA,NA,NA,NA,NA,NA,NA,NA,NA,NA,NA,NA,NA,NA,NA,NA,NA,NA,NA,NA,NA,NA,NA,NA,NA,NA,NA,NA,0.049,0.008,3,16750000,6370000,333590,81590,10910000,3400000,217440,41370,0.651,0.168,NA,NA,NA,NA,NA,NA,NA,NA,NA,NA,NA,NA,NA,0.228,0.009,7130000,920000,31276,3180,31380000,1500000,137960,7180,4.401,0.375,NA,NA,NA,NA,NA,NA,NA,NA,NA,NA,NA,NA,NA,NA,NA,NA,NA,NA,NA,0.759,0.024,3,123600000,12470000,78260000,6095000,NA,61.2,4.1,NA,NA,NA,NA,NA
Petrodromus tetradactylus,NA,NA,NA,132.5,NA,NA,4206,0.304,NA,110653150,14948000,362537,15780,34657851,15801000,110153,41831,0.299,0.102,NA,2,NA,NA,3019,1.239,0.059,33947000,5840000,27236,3416,40486000,1104000,32550,2661,1.202,0.053,4,NA,NA,NA,3018,2,NA,NA,NA,NA,NA,NA,NA,3032,NA,NA,NA,NA,NA,NA,2,NA,NA,NA,NA,NA,NA,NA,NA,NA,NA,NA,NA,NA,NA,NA,NA,NA,NA,NA,NA,NA,0.159,0.009,2,12828365,380000,80805,3084,14775635,NA,91369,NA,1.141,NA,NA,NA,NA,NA,NA,NA,NA,NA,NA,NA,NA,NA,1845,0.894,0.022,12231811,188000,13696,547,28204189,5408000,31716,6830,2.3,0.407,2,NA,NA,NA,NA,NA,NA,NA,NA,NA,NA,NA,NA,NA,NA,NA,NA,NA,2743,2.44,0.109,2,156830795,20600000,103349000,15610000,NA,NA,NA,8,NA,NA,NA,NA
Pongo pygmaeus,NA,NA,NA,NA,NA,NA,NA,35.06,4.34,2.63e+10,2.47e+09,750143,NA,2.2e+09,NA,62750,NA,0.084,NA,NA,NA,NA,NA,NA,NA,NA,NA,NA,NA,NA,NA,NA,NA,NA,NA,NA,NA,NA,NA,NA,NA,NA,NA,NA,NA,NA,NA,NA,NA,NA,NA,NA,NA,NA,NA,NA,NA,NA,NA,NA,NA,NA,NA,NA,NA,NA,NA,NA,NA,NA,NA,NA,NA,NA,NA,NA,NA,NA,NA,NA,NA,NA,NA,NA,NA,NA,NA,NA,NA,NA,NA,NA,NA,NA,NA,NA,NA,NA,NA,NA,NA,NA,NA,NA,NA,NA,NA,NA,NA,NA,NA,NA,NA,NA,NA,NA,NA,NA,NA,NA,NA,NA,NA,NA,NA,NA,NA,NA,NA,NA,NA,NA,NA,NA,NA,NA,NA,NA,NA,NA,NA,NA,NA,NA,NA,NA,NA,NA,NA,NA
Procavia capensis,NA,NA,NA,2517,NA,NA,3801,2.058,NA,488373000,42322000,242415,46950,91005000,30180000,46365,19711,0.182,0.046,NA,2,NA,NA,3637,10.478,0.646,197933000,29082000,19134,3955,366620000,13520000,35203,3461,1.883,0.208,6,NA,NA,NA,3604,4,NA,NA,NA,NA,NA,NA,NA,3860,NA,NA,NA,NA,NA,NA,2,NA,NA,NA,NA,NA,NA,NA,NA,NA,NA,NA,NA,NA,NA,NA,NA,NA,NA,NA,NA,NA,0.286,NA,1,20909490,NA,73110,NA,14790510,NA,51715,NA,0.707,NA,NA,NA,NA,NA,NA,NA,NA,NA,NA,NA,NA,NA,2594,4.317,0.625,69358240,762000,16436,2556,162984760,6105000,38353,4138,2.351,0.114,4,NA,NA,NA,NA,NA,NA,NA,NA,NA,NA,NA,NA,NA,NA,NA,NA,NA,3389,16.853,1.495,2,755653000,72145000,620622000,37616000,NA,NA,NA,12,NA,NA,NA,NA
Procyon lotor,NA,NA,NA,NA,NA,6.2,NA,3.338,NA,1646180000,NA,493162,NA,241320000,NA,NA,NA,0.147,NA,NA,NA,NA,NA,NA,24.491,NA,437940000,NA,18510,NA,1766670000,NA,NA,NA,3.897,NA,NA,NA,NA,NA,NA,NA,NA,NA,NA,NA,NA,NA,NA,NA,0.477,15340000,16076,70000000,4.564,NA,NA,NA,NA,NA,NA,NA,NA,NA,NA,NA,NA,NA,NA,NA,NA,NA,NA,NA,NA,NA,NA,NA,0.47,NA,NA,55990000,NA,119119,NA,79760000,NA,NA,NA,1.425,NA,NA,NA,NA,NA,NA,NA,NA,NA,NA,NA,NA,NA,NA,6.357,NA,48570000,NA,7640,NA,3.92e+08,NA,NA,NA,8.071,NA,NA,NA,NA,NA,NA,NA,NA,NA,NA,NA,NA,NA,NA,NA,NA,NA,NA,NA,NA,34.186,NA,NA,2148070000,NA,2399990000,NA,1.117,NA,NA,NA,NA,NA,NA,NA
Proechimys guyannensis,NA,NA,NA,223.485,16.6,NA,NA,0.33,0.026,162512050,3553848,494338,28466,36372950,5094068,110122,6716,0.224,0.026,NA,NA,NA,NA,NA,0.924,0.05,26086024,2155723,28321,3870,71833039,6712722,78011,11497,2.752,0.03,NA,NA,NA,NA,NA,NA,NA,NA,NA,NA,NA,NA,NA,NA,NA,NA,NA,NA,NA,NA,NA,NA,NA,NA,NA,NA,NA,NA,NA,NA,NA,NA,NA,NA,NA,NA,NA,NA,NA,NA,NA,NA,0.132,NA,1,9141540,NA,69254,NA,21128460,NA,160064,NA,2.311,NA,NA,NA,NA,NA,NA,NA,NA,NA,NA,NA,NA,NA,NA,0.824,0.006,13492039,1533120,16381,1973,73068898,2691449,88667,2658,5.462,NA,NA,NA,NA,NA,NA,NA,NA,NA,NA,NA,NA,NA,NA,NA,NA,NA,NA,NA,NA,2.078,0.071,2,202090113,2931245,181274887,4310103,NA,52.7,1,NA,NA,NA,NA,NA
Rattus norvegicus,NA,NA,NA,315.1,102.9,NA,NA,0.272,0.038,139171882,11185675,522688,108847,29005617,6282204,108555,29355,0.209,0.047,NA,NA,NA,NA,NA,0.769,0.113,31017192,3034654,41092,7999,45687808,5678958,60426,12477,1.497,0.328,NA,NA,NA,NA,NA,NA,NA,NA,NA,NA,NA,NA,NA,NA,NA,NA,NA,NA,NA,NA,NA,NA,NA,NA,NA,NA,NA,NA,NA,NA,NA,NA,NA,NA,NA,NA,NA,NA,NA,NA,NA,NA,0.074,0.022,5,11103272,3202766,152373,26913,9238728,2250728,126210,8033,0.848,0.145,NA,NA,NA,NA,NA,NA,NA,NA,NA,NA,NA,NA,NA,0.683,0.153,18678758,4243909,27813,6171,47221243,5979982,71760,18475,2.587,NA,NA,NA,NA,NA,NA,NA,NA,NA,NA,NA,NA,NA,NA,NA,NA,NA,NA,NA,NA,1.724,0.292,4,188867832,12622383,121914668,7106729,NA,60.7,2.4,NA,NA,NA,NA,NA
Rousettus aegyptiacus,NA,NA,NA,120,NA,NA,NA,NA,NA,132436158,NA,602896,NA,NA,NA,NA,NA,NA,NA,NA,NA,NA,NA,NA,NA,NA,28859259,NA,29287,NA,NA,NA,NA,NA,NA,NA,NA,NA,NA,NA,NA,NA,NA,NA,NA,NA,NA,NA,NA,NA,NA,NA,NA,NA,NA,NA,NA,NA,NA,NA,NA,NA,NA,NA,NA,NA,NA,NA,NA,NA,NA,NA,NA,NA,NA,NA,NA,NA,NA,NA,NA,NA,NA,NA,NA,NA,NA,NA,NA,NA,NA,NA,NA,NA,NA,NA,NA,NA,NA,NA,NA,NA,NA,NA,NA,NA,10936630,NA,19962,NA,NA,NA,NA,NA,NA,NA,NA,NA,NA,NA,NA,NA,NA,NA,NA,NA,NA,NA,NA,NA,NA,NA,NA,NA,NA,1.778,NA,2 (1 female) (1H each),172232047,NA,NA,NA,NA,NA,NA,NA,NA,NA,NA,NA
Saguinus midas,NA,NA,NA,NA,NA,NA,NA,NA,NA,NA,NA,NA,NA,NA,NA,NA,NA,NA,NA,NA,NA,NA,NA,3041,NA,NA,NA,NA,NA,NA,NA,NA,NA,NA,NA,NA,28,NA,NA,NA,NA,NA,NA,NA,NA,NA,NA,NA,NA,NA,NA,NA,NA,NA,NA,NA,NA,NA,NA,NA,NA,NA,NA,NA,NA,NA,NA,NA,NA,NA,NA,NA,NA,NA,NA,NA,NA,NA,NA,NA,NA,NA,NA,NA,NA,NA,NA,NA,NA,NA,NA,NA,NA,NA,NA,NA,NA,NA,NA,NA,NA,NA,NA,NA,NA,NA,NA,NA,NA,NA,NA,NA,NA,NA,NA,NA,NA,NA,NA,NA,NA,NA,NA,NA,NA,NA,NA,NA,NA,NA,NA,NA,NA,NA,NA,NA,NA,NA,NA,NA,NA,NA,NA,NA,NA,NA,NA,NA,NA,NA
Saimiri sciureus,NA,NA,NA,859,NA,NA,NA,4.3,NA,1.82e+09,NA,424000,NA,133020000,NA,30940,NA,0.073,NA,NA,NA,NA,NA,NA,20.652,0.368,1.34e+09,2e+07,64930,7420,1.61e+09,4e+07,77840,790,1.201,NA,NA,NA,NA,NA,NA,NA,NA,NA,NA,NA,NA,NA,NA,NA,NA,NA,NA,NA,NA,NA,NA,NA,NA,NA,NA,NA,NA,NA,NA,NA,NA,NA,NA,NA,NA,NA,NA,NA,NA,NA,NA,NA,NA,NA,NA,NA,NA,NA,NA,NA,NA,NA,NA,NA,NA,NA,NA,NA,NA,NA,NA,NA,NA,NA,NA,NA,NA,NA,5.004,NA,65530000,NA,13090,NA,302590000,NA,60470,NA,4.618,NA,NA,NA,NA,NA,NA,NA,NA,NA,NA,NA,NA,NA,NA,NA,NA,NA,NA,NA,NA,30.216,NA,2,3246430000,NA,2073030000,NA,NA,61,NA,NA,NA,NA,NA,NA
Sapajus apella,NA,NA,NA,3340,NA,NA,NA,4.6,NA,2.49e+09,NA,540310,NA,245810000,NA,53440,NA,0.099,NA,NA,NA,NA,NA,1991,39.178,NA,1.14e+09,NA,29180,NA,2.55e+09,NA,64980,NA,2.237,NA,78,NA,NA,NA,NA,NA,NA,NA,NA,NA,NA,NA,NA,NA,NA,NA,NA,NA,NA,NA,NA,NA,NA,NA,NA,NA,NA,NA,NA,NA,NA,NA,NA,NA,NA,NA,NA,NA,NA,NA,NA,NA,NA,NA,NA,NA,NA,NA,NA,NA,NA,NA,NA,NA,NA,NA,NA,NA,NA,NA,NA,NA,NA,NA,NA,NA,NA,NA,8.43,NA,61850000,NA,7340,NA,506110000,NA,60040,NA,8.183,NA,NA,NA,NA,NA,NA,NA,NA,NA,NA,NA,NA,NA,NA,NA,NA,NA,NA,NA,NA,52.208,NA,1,3690520000,NA,3297740000,NA,NA,52.8,NA,NA,NA,NA,NA,NA
Sarcophilus harrisii,NA,NA,NA,8200,NA,NA,5385,1.434,NA,601070000,NA,419158,NA,NA,NA,NA,NA,0.224,NA,NA,1,NA,NA,1826,5.228,NA,71660000,NA,13706,NA,NA,NA,NA,NA,5.112,NA,26,50950000,14759,3.727,1578,25,1.348,6180000,4587,18.96,NA,NA,NA,3588,0.634,12640000,19940,NA,4.537,NA,1,NA,NA,NA,NA,NA,NA,NA,NA,0.652,8220000,12613,6.675,2,14410000,7203,11.948,NA,NA,NA,NA,NA,1.004,NA,NA,100320000,NA,99919,NA,NA,NA,NA,NA,1.004,NA,NA,NA,NA,NA,NA,NA,NA,1.14,6560000,5754,12.755,NA,1780,3.14,NA,20970000,NA,6677,NA,NA,NA,NA,NA,12.2,NA,3,NA,NA,NA,NA,NA,NA,NA,NA,NA,NA,NA,NA,NA,NA,NA,NA,NA,2337,9.802,NA,NA,693690000,NA,NA,NA,1.09,NA,NA,30,NA,NA,NA,NA
Scalopus aquaticus,NA,NA,NA,95.3,9.8,NA,NA,0.153,0.008,158550000,13630000,1037390,63570,17510000,3160000,114660,20790,0.11,NA,NA,NA,NA,NA,NA,0.476,0.032,26680000,5113000,60461,12249,38540000,5567000,80745,6407,1.383,0.368,NA,NA,NA,NA,NA,NA,NA,NA,NA,NA,NA,NA,NA,NA,NA,NA,NA,NA,NA,NA,NA,NA,NA,NA,NA,NA,NA,NA,NA,NA,NA,NA,NA,NA,NA,NA,NA,NA,NA,NA,NA,NA,0.082,0.005,3,34610000,5960000,423520,94950,17780000,2060000,215230,14600,0.514,0.154,NA,NA,NA,NA,NA,NA,NA,NA,NA,NA,NA,NA,NA,0.37,0.042,16560000,2990000,44620,4900,45690000,4820000,123600,2550,2.759,0.379,NA,NA,NA,NA,NA,NA,NA,NA,NA,NA,NA,NA,NA,NA,NA,NA,NA,NA,NA,0.999,0.08,3,203520000,14587000,101740000,11823000,NA,66.7,1.4,NA,NA,NA,NA,NA
Sciurus carolinensis,NA,NA,NA,500,NA,NA,NA,0.874,0.069,342832180,71181798,392363,74294,110797820,9070639,127682,19212,0.336,0.09,NA,NA,NA,NA,NA,2.73,0.178,77334617,2634444,28384,1487,209654717,13003170,76877,3859,2.709,0.076,NA,NA,NA,NA,NA,NA,NA,NA,NA,NA,NA,NA,NA,NA,NA,NA,NA,NA,NA,NA,NA,NA,NA,NA,NA,NA,NA,NA,NA,NA,NA,NA,NA,NA,NA,NA,NA,NA,NA,NA,NA,NA,0.212,0.022,9,28845724,7903412,137532,38236,39015942,12812316,185359,58050,1.478,0.776,NA,NA,NA,NA,NA,NA,NA,NA,NA,NA,NA,NA,NA,1.943,0.156,33493401,17128790,17616,9989,210023933,3415060,108482,7808,7.246,NA,NA,NA,NA,NA,NA,NA,NA,NA,NA,NA,NA,NA,NA,NA,NA,NA,NA,NA,NA,5.548,0.306,3,453660197,59752698,530476469,5605837,NA,46,3,NA,NA,NA,NA,NA
Scotonycteris zenkeri,NA,NA,NA,16.1,NA,NA,NA,NA,NA,47217961,NA,549046,NA,NA,NA,NA,NA,NA,NA,NA,NA,NA,NA,NA,NA,NA,12847119,NA,39652,NA,NA,NA,NA,NA,NA,NA,NA,NA,NA,NA,NA,NA,NA,NA,NA,NA,NA,NA,NA,NA,NA,NA,NA,NA,NA,NA,NA,NA,NA,NA,NA,NA,NA,NA,NA,NA,NA,NA,NA,NA,NA,NA,NA,NA,NA,NA,NA,NA,NA,NA,NA,NA,NA,NA,NA,NA,NA,NA,NA,NA,NA,NA,NA,NA,NA,NA,NA,NA,NA,NA,NA,NA,NA,NA,NA,NA,5529891,NA,31067,NA,NA,NA,NA,NA,NA,NA,NA,NA,NA,NA,NA,NA,NA,NA,NA,NA,NA,NA,NA,NA,NA,NA,NA,NA,NA,0.588,NA,2 (1H each),65594971,NA,NA,NA,NA,NA,NA,NA,NA,NA,NA,NA
Sorex fumeus,NA,NA,NA,7.8,0.1,NA,NA,0.02,0.002,20870000,4660000,1038666,214440,5290000,2120000,258073,85510,0.253,NA,NA,NA,NA,NA,NA,0.084,0.009,9730000,352000,116727,9387,9290000,1112000,111754,18566,0.958,0.135,NA,NA,NA,NA,NA,NA,NA,NA,NA,NA,NA,NA,NA,NA,NA,NA,NA,NA,NA,NA,NA,NA,NA,NA,NA,NA,NA,NA,NA,NA,NA,NA,NA,NA,NA,NA,NA,NA,NA,NA,NA,NA,0.012,0.002,3,3330000,1050000,289806,124350,2760000,130000,235249,44620,0.829,214,NA,NA,NA,NA,NA,NA,NA,NA,NA,NA,NA,NA,NA,0.072,0.01,5560000,1490000,75941,11870,8280000,1440000,114880,17860,1.489,0.294,NA,NA,NA,NA,NA,NA,NA,NA,NA,NA,NA,NA,NA,NA,NA,NA,NA,NA,NA,0.176,0.007,3,36460000,4567000,22860000,3956000,NA,61.3,1.4,NA,NA,NA,NA,NA
Sus scrofa domesticus,NA,NA,NA,1e+05,NA,NA,10536,8.128,NA,1858320313,NA,228632,NA,348710938,NA,42902,NA,0.188,NA,NA,1,NA,NA,9048,42.404,NA,307082404,NA,7276,NA,3250251354,NA,77016,NA,10.585,NA,24,NA,NA,NA,8932,23,NA,NA,NA,NA,NA,NA,NA,11480,NA,NA,NA,NA,NA,NA,1,NA,NA,NA,NA,NA,NA,NA,NA,NA,NA,NA,NA,NA,NA,NA,NA,NA,NA,NA,NA,NA,0.822,NA,1,9195500,NA,11187,NA,77554500,NA,94348,NA,8.434,NA,NA,NA,NA,NA,NA,NA,NA,NA,NA,NA,NA,NA,9386,13.85,NA,58709836,NA,4238,NA,1096821414,NA,79192,NA,18.682,NA,3,NA,NA,NA,NA,NA,NA,NA,NA,NA,NA,NA,NA,NA,NA,NA,NA,NA,9310,64.18,NA,1,2224112553,NA,4695783705,NA,NA,32.1,NA,28,NA,NA,NA,NA
Tragelaphus strepsiceros,NA,NA,NA,218000,NA,NA,3041,31.776,NA,4042494141,NA,127218,NA,1266099609,NA,39845,NA,0.313,NA,NA,1,NA,NA,3718,213.37,NA,762567178,NA,3574,NA,12302304448,NA,57657,NA,16.133,NA,37,NA,NA,NA,3772,36,NA,NA,NA,NA,NA,NA,NA,4710,NA,NA,NA,NA,NA,NA,1,NA,NA,NA,NA,NA,NA,NA,NA,NA,NA,NA,NA,NA,NA,NA,NA,NA,NA,NA,NA,NA,5.546,NA,1,38331562,NA,6912,NA,362731438,NA,58913,NA,8.523,NA,NA,NA,NA,NA,NA,NA,NA,NA,NA,NA,NA,NA,4485,61.716,NA,106590230,NA,1727,NA,3408779523,NA,55233,NA,31.98,NA,5,NA,NA,NA,NA,NA,NA,NA,NA,NA,NA,NA,NA,NA,NA,NA,NA,NA,3800,306.86,NA,1,4911651549,NA,16977183580,NA,NA,22.4,NA,43,NA,NA,NA,NA
Triaenops persicus,NA,NA,NA,13.7,NA,NA,NA,NA,NA,59651487,NA,820968,NA,NA,NA,NA,NA,NA,NA,NA,NA,NA,NA,NA,NA,NA,6039272,NA,64765,NA,NA,NA,NA,NA,NA,NA,NA,NA,NA,NA,NA,NA,NA,NA,NA,NA,NA,NA,NA,NA,NA,NA,NA,NA,NA,NA,NA,NA,NA,NA,NA,NA,NA,NA,NA,NA,NA,NA,NA,NA,NA,NA,NA,NA,NA,NA,NA,NA,NA,NA,NA,NA,NA,NA,NA,NA,NA,NA,NA,NA,NA,NA,NA,NA,NA,NA,NA,NA,NA,NA,NA,NA,NA,NA,NA,NA,4072165,NA,47981,NA,NA,NA,NA,NA,NA,NA,NA,NA,NA,NA,NA,NA,NA,NA,NA,NA,NA,NA,NA,NA,NA,NA,NA,NA,NA,0.251,NA,2 (1H each),69762924,NA,NA,NA,NA,NA,NA,NA,NA,NA,NA,NA
Tupaia glis,NA,NA,NA,172.5,3.5,NA,NA,0.326,0.018,185280000,16980000,571460,83200,19980000,1510000,61600,7990,0.108,NA,NA,NA,NA,NA,NA,1.455,0.174,60390000,26510000,42900,23350,85580000,8400000,58900,1270,1.417,NA,NA,NA,NA,NA,NA,NA,NA,NA,NA,NA,NA,NA,NA,NA,NA,NA,NA,NA,NA,NA,NA,NA,NA,NA,NA,NA,NA,NA,NA,NA,NA,NA,NA,NA,NA,NA,NA,NA,NA,NA,NA,NA,0.1,0.032,16,12700000,3584952,130173,17451,20068000,6541838,205876,51596,1.58,NA,NA,NA,NA,NA,NA,NA,NA,NA,NA,NA,NA,NA,NA,0.919,0.072,22480000,NA,25900,NA,87080000,NA,100320,NA,3.874,NA,NA,NA,NA,NA,NA,NA,NA,NA,NA,NA,NA,NA,NA,NA,NA,NA,NA,NA,NA,2.752,0.011,2,261400000,NA,199650000,NA,NA,56.7,NA,NA,NA,NA,NA,NA
Ursus arctos,NA,NA,NA,NA,NA,350,4174,45.106,NA,9253250000,NA,205145,NA,2296750000,NA,NA,NA,0.248,NA,NA,1,NA,NA,3801,222,NA,250970000,NA,1130,NA,1.0154e+10,NA,NA,NA,40.459,NA,116,NA,NA,NA,3833,115,NA,NA,NA,NA,NA,NA,NA,2135,4.13,8610000,2085,249160000,28.941,NA,1,NA,NA,NA,NA,NA,NA,NA,NA,NA,NA,NA,NA,NA,NA,NA,NA,NA,NA,NA,NA,NA,NA,NA,NA,NA,NA,NA,NA,NA,NA,NA,NA,NA,NA,NA,NA,NA,NA,NA,NA,NA,NA,NA,NA,NA,NA,2062,47.898,NA,81380000,NA,1699,NA,2662440000,NA,NA,NA,32.714,NA,4,NA,NA,NA,NA,NA,NA,NA,NA,NA,NA,NA,NA,NA,NA,NA,NA,NA,3591,315.004,NA,NA,9585600000,NA,15113190000,NA,1.577,NA,NA,121,NA,NA,NA,NA
Wallabia bicolor,NA,NA,NA,12066,NA,NA,5914,4.42,NA,1200000000,NA,270575,NA,NA,NA,NA,NA,0.293,NA,NA,1,NA,NA,6269,15.182,NA,208110000,NA,13708,NA,NA,NA,NA,NA,4.955,NA,45,170420000,17322,3.319,6483,44,NA,NA,NA,NA,NA,NA,NA,4401,1.566,12970000,8283,NA,8.506,NA,1,NA,NA,NA,NA,NA,NA,NA,NA,NA,NA,NA,NA,6.396,21350000,3339,20.459,NA,NA,NA,NA,NA,NA,NA,NA,NA,NA,NA,NA,NA,NA,NA,NA,NA,NA,NA,NA,NA,NA,NA,NA,NA,4.014,10510000,2619,20.834,NA,5252,10.41,NA,31860000,NA,3061,NA,NA,NA,NA,NA,20.583,NA,2,NA,NA,NA,NA,NA,NA,NA,NA,NA,NA,NA,NA,NA,NA,NA,NA,NA,5861,30.012,NA,NA,1.44e+09,NA,NA,NA,1.407,NA,NA,48,NA,NA,NA,NA
