"Original_Term","Reference","Standard_old","DosSantos2017_old","JardimMessender2017_old","Standardized_Term"
"Amygdala_FractionofBrain","Kverkova_etal_2018_TableS1",NA,NA,NA,"Amygdala_FractionofBrain"
"Amygdala_Vol,mm3","Kverkova_etal_2018_TableS1",NA,NA,NA,"Amygdala_Vol,mm3"
"Amygdala_Vol,mm3_SD","Kverkova_etal_2018_TableS1",NA,NA,NA,"Amygdala_Vol,mm3"
"Body mass kg",NA,"Body_Mass_kg",NA,"MBD.kg","Body_Mass,kg"
"Body mass, g","HerculanoHouzel_etal_2015_Table5","Body_Mass_g","MBD",NA,"Body_Mass,g"
"Body mass, g SD","HerculanoHouzel_etal_2015_Table5","Body_Mass_g_SD","",NA,"Body_Mass,g_SD"
"Body_Mass,g","Kverkova_etal_2018_TableS1",NA,NA,NA,"Body_Mass,g"
"Body_Mass,g_SD","Kverkova_etal_2018_TableS1",NA,NA,NA,"Body_Mass,g"
"Br_C","DosSantos_etal_2020_Table1",NA,NA,NA,"WholeBrain_C,n"
"Br_I","DosSantos_etal_2020_Table1",NA,NA,NA,"WholeBrain_I,n"
"Br_I/mg","DosSantos_etal_2020_Table1",NA,NA,NA,"WholeBrain_I/mg"
"Br_I/N","DosSantos_etal_2020_Table1",NA,NA,NA,"WholeBrain_I/N"
"Br_N","DosSantos_etal_2020_Table1",NA,NA,NA,"WholeBrain_N,n"
"Br_N/mg","DosSantos_etal_2020_Table1",NA,NA,NA,"WholeBrain_N/mg"
"Br_No. of samples","DosSantos_etal_2020_Table1",NA,NA,NA,"WholeBrain_n"
"Br_Structure mass (g)","DosSantos_etal_2020_Table1",NA,NA,NA,"WholeBrain_Mass,g"
"Brain mass, g","HerculanoHouzel_etal_2015_Table5","WholeBrain_Mass_g","MBR","MBR.g","WholeBrain_Mass,g"
"Brain mass, g SD","HerculanoHouzel_etal_2015_Table5","WholeBrain_Mass_g_SD","",NA,"WholeBrain_Mass,g_SD"
"Brain stem_N,n","Kverkova_etal_2018_TableS5",NA,NA,NA,"MesencephalonMedulla_N,n"
"Brain stem_N,n_SD","Kverkova_etal_2018_TableS5",NA,NA,NA,"MesencephalonMedulla_N,n"
"Brain_Mass,g","Kverkova_etal_2018_TableS1",NA,NA,NA,"WholeBrainOlfactoryBulb_Mass,g"
"Brain_Mass,g_SD","Kverkova_etal_2018_TableS1",NA,NA,NA,"WholeBrainOlfactoryBulb_Mass,g"
"Cb_C","DosSantos_etal_2020_Table1",NA,NA,NA,"Cerebellum_C,n"
"Cb_I","DosSantos_etal_2020_Table1",NA,NA,NA,"Cerebellum_I,n"
"Cb_I/mg","DosSantos_etal_2020_Table1",NA,NA,NA,"Cerebellum_I/mg"
"Cb_I/N","DosSantos_etal_2020_Table1",NA,NA,NA,"Cerebellum_I/N"
"Cb_N","DosSantos_etal_2020_Table1",NA,NA,NA,"Cerebellum_N,n"
"Cb_N/mg","DosSantos_etal_2020_Table1",NA,NA,NA,"Cerebellum_N/mg"
"Cb_No. of samples","DosSantos_etal_2020_Table1",NA,NA,NA,"Cerebellum_n"
"Cb_Structure mass (g)","DosSantos_etal_2020_Table1",NA,NA,NA,"Cerebellum_Mass,g"
"Cerebellum Mass, g","HerculanoHouzel_etal_2015_Table2","Cerebellum_Mass_g","MCB","MCB.g","Cerebellum_Mass,g"
"Cerebellum Mass, g SD","HerculanoHouzel_etal_2015_Table2","Cerebellum_Mass_g_SD","",NA,"Cerebellum_Mass,g_SD"
"Cerebellum N, n","HerculanoHouzel_etal_2015_Table2","Cerebellum_N_n","NCB","NCB","Cerebellum_N,n"
"Cerebellum N, n SD","HerculanoHouzel_etal_2015_Table2","Cerebellum_N_n_SD","",NA,"Cerebellum_N,n_SD"
"Cerebellum N/mg","HerculanoHouzel_etal_2015_Table2","Cerebellum_Nmg","DNCB","DNCB","Cerebellum_N/mg"
"Cerebellum N/mg SD","HerculanoHouzel_etal_2015_Table2","Cerebellum_Nmg_SD","",NA,"Cerebellum_N/mg_SD"
"Cerebellum O, n","HerculanoHouzel_etal_2015_Table2","Cerebellum_O_n","","OCB","Cerebellum_O,n"
"Cerebellum O, n SD","HerculanoHouzel_etal_2015_Table2","Cerebellum_O_n_SD","",NA,"Cerebellum_O,n_SD"
"Cerebellum O/mg","HerculanoHouzel_etal_2015_Table2","Cerebellum_Omg","",NA,"Cerebellum_O/mg"
"Cerebellum O/mg SD","HerculanoHouzel_etal_2015_Table2","Cerebellum_Omg_SD","",NA,"Cerebellum_O/mg_SD"
"Cerebellum O/N","HerculanoHouzel_etal_2015_Table2","Cerebellum_ON","O/NCB","O/NCB","Cerebellum_O/N"
"Cerebellum O/N SD","HerculanoHouzel_etal_2015_Table2","Cerebellum_ON_SD","",NA,"Cerebellum_O/N_SD"
"Cerebellum Source","HerculanoHouzel_etal_2015_Table2","Cerebellum_Source","",NA,"Cerebellum_Source"
"Cerebellum_FractionofBrain","Kverkova_etal_2018_TableS1",NA,NA,NA,"Cerebellum_FractionofBrain"
"Cerebellum_N,n","Kverkova_etal_2018_TableS5",NA,NA,NA,"Cerebellum_N,n"
"Cerebellum_N,n_SD","Kverkova_etal_2018_TableS5",NA,NA,NA,"Cerebellum_N,n"
"Cerebellum_Vol,mm3","Kverkova_etal_2018_TableS1",NA,NA,NA,"Cerebellum_Vol,mm3"
"Cerebellum_Vol,mm3_SD","Kverkova_etal_2018_TableS1",NA,NA,NA,"Cerebellum_Vol,mm3"
"Cerebral cortex Grey matter N, n",NA,"CerebralCortexGreyMatter_N_n","NGM",NA,"CerebralCortexGrey_N,n"
"Cerebral cortex Grey matter N/mg",NA,"CerebralCortexGreyMatter_Nmg","DNGM",NA,"CerebralCortexGrey_N/mg"
"Cerebral cortex Grey matter O, n",NA,"CerebralCortexGreyMatter_O_n","",NA,"CerebralCortexGrey_O,n"
"Cerebral cortex Grey matter O/N",NA,"CerebralCortexGreyMatter_ON","O/NGM",NA,"CerebralCortexGrey_O/N"
"Cerebral cortex Mass, g","HerculanoHouzel_etal_2015_Table1","CerebralCortex_Mass_g","MCX","MCxT.g","CerebralCortex_Mass,g"
"Cerebral cortex Mass, g SD","HerculanoHouzel_etal_2015_Table1","CerebralCortex_Mass_g_SD","",NA,"CerebralCortex_Mass,g_SD"
"Cerebral cortex N, n","HerculanoHouzel_etal_2015_Table1","CerebralCortex_N_n","NCX","NCxT","CerebralCortex_N,n"
"Cerebral cortex N, n SD","HerculanoHouzel_etal_2015_Table1","CerebralCortex_N_n_SD","",NA,"CerebralCortex_N,n_SD"
"Cerebral cortex N/mg","HerculanoHouzel_etal_2015_Table1","CerebralCortex_Nmg","DNCX","DNCxT","CerebralCortex_N/mg"
"Cerebral cortex N/mg SD","HerculanoHouzel_etal_2015_Table1","CerebralCortex_Nmg_SD","",NA,"CerebralCortex_N/mg_SD"
"Cerebral cortex O, n","HerculanoHouzel_etal_2015_Table1","CerebralCortex_O_n","","OCxT","CerebralCortex_O,n"
"Cerebral cortex O, n SD","HerculanoHouzel_etal_2015_Table1","CerebralCortex_O_n_SD","",NA,"CerebralCortex_O,n_SD"
"Cerebral cortex O/mg","HerculanoHouzel_etal_2015_Table1","CerebralCortex_Omg","",NA,"CerebralCortex_O/mg"
"Cerebral cortex O/mg SD","HerculanoHouzel_etal_2015_Table1","CerebralCortex_Omg_SD","",NA,"CerebralCortex_O/mg_SD"
"Cerebral cortex O/N","HerculanoHouzel_etal_2015_Table1","CerebralCortex_ON","O/NCX","O/NCXT","CerebralCortex_O/N"
"Cerebral cortex O/N SD","HerculanoHouzel_etal_2015_Table1","CerebralCortex_ON_SD","",NA,"CerebralCortex_O/N_SD"
"Cerebral cortex Source","HerculanoHouzel_etal_2015_Table1","CerebralCortex_Source","",NA,"CerebralCortex_Source"
"Clade","HerculanoHouzel_etal_2020_Table1",NA,NA,NA,"Clade"
"Common Name","JardimMesseder_etal_2017_Table1",NA,NA,NA,"CommonName"
"Cortex_N,n","Kverkova_etal_2018_TableS5",NA,NA,NA,"CerebralCortex_N,n"
"Cortex_N,n_SD","Kverkova_etal_2018_TableS5",NA,NA,NA,"CerebralCortex_N,n"
"Ctx_C","DosSantos_etal_2020_Table1",NA,NA,NA,"CerebralCortexNoHippocampus_C,n"
"Ctx_I","DosSantos_etal_2020_Table1",NA,NA,NA,"CerebralCortexNoHippocampus_I,n"
"Ctx_I/mg","DosSantos_etal_2020_Table1",NA,NA,NA,"CerebralCortexNoHippocampus_I/mg"
"Ctx_I/N","DosSantos_etal_2020_Table1",NA,NA,NA,"CerebralCortexNoHippocampus_I/N"
"Ctx_N","DosSantos_etal_2020_Table1",NA,NA,NA,"CerebralCortexNoHippocampus_N,n"
"Ctx_N/mg","DosSantos_etal_2020_Table1",NA,NA,NA,"CerebralCortexNoHippocampus_N/mg"
"Ctx_No. of samples","DosSantos_etal_2020_Table1",NA,NA,NA,"CerebralCortexNoHippocampus_n"
"Ctx_Structure mass (g)","DosSantos_etal_2020_Table1",NA,NA,NA,"CerebralCortexNoHippocampus_Mass,g"
"Cx_C","DosSantos_etal_2020_Table1",NA,NA,NA,"CerebralCortex_C,n"
"Cx_I","DosSantos_etal_2020_Table1",NA,NA,NA,"CerebralCortex_I,n"
"Cx_I/mg","DosSantos_etal_2020_Table1",NA,NA,NA,"CerebralCortex_I/mg"
"Cx_I/N","DosSantos_etal_2020_Table1",NA,NA,NA,"CerebralCortex_I/N"
"Cx_N","DosSantos_etal_2020_Table1",NA,NA,NA,"CerebralCortex_N,n"
"Cx_N/mg","DosSantos_etal_2020_Table1",NA,NA,NA,"CerebralCortex_N/mg"
"Cx_No. of samples","DosSantos_etal_2020_Table1",NA,NA,NA,"CerebralCortex_n"
"Cx_Structure mass (g)","DosSantos_etal_2020_Table1",NA,NA,NA,"CerebralCortex_Mass,g"
"Diencephalon+Striatum Mass, g",NA,"DiencephalonStriatum_Mass_g","MD+S",NA,"DiencephalonStriatum_Mass,g"
"Diencephalon+Striatum N, n",NA,"DiencephalonStriatum_N_n","ND+S",NA,"DiencephalonStriatum_N,n"
"Diencephalon+Striatum N/mg",NA,"DiencephalonStriatum_Nmg","DND + S",NA,"DiencephalonStriatum_N/mg"
"Diencephalon+Striatum O, n",NA,"DiencephalonStriatum_O_n","",NA,"DiencephalonStriatum_O,n"
"Diencephalon+Striatum O/N",NA,"DiencephalonStriatum_ON","O/ND+S",NA,"DiencephalonStriatum_O/N"
"DN,Cb","HerculanoHouzel_etal_2020_Table2",NA,NA,NA,"Cerebellum_N/mg"
"DN,CX","HerculanoHouzel_etal_2020_Table2",NA,NA,NA,"CerebralCortex_N/mg"
"DN,RoB","HerculanoHouzel_etal_2020_Table2",NA,NA,NA,"RoB_N/mg"
"DNCB","DosSantos_etal_2017_TableS1",NA,NA,NA,"Cerebellum_N/mg"
"DNCB","JardimMesseder_etal_2017_Table1",NA,NA,NA,"Cerebellum_N/mg"
"DNCX","DosSantos_etal_2017_TableS1",NA,NA,NA,"CerebralCortex_N/mg"
"DNCxT","JardimMesseder_etal_2017_Table1",NA,NA,NA,"CerebralCortex_N/mg"
"DND + S","DosSantos_etal_2017_TableS1",NA,NA,NA,"DiencephalonStriatum_N/mg"
"DNGM","DosSantos_etal_2017_TableS1",NA,NA,NA,"CerebralCortexGrey_N/mg"
"DNHP","DosSantos_etal_2017_TableS1",NA,NA,NA,"Hippocampus_N/mg"
"DNHP","JardimMesseder_etal_2017_Table1",NA,NA,NA,"Hippocampus_N/mg"
"DNMES","DosSantos_etal_2017_TableS1",NA,NA,NA,"Mesencephalon_N/mg"
"DNMES+D+S","DosSantos_etal_2017_TableS1",NA,NA,NA,"MesencephalonDiencephalonStriatum_N/mg"
"DNOB","DosSantos_etal_2017_TableS1",NA,NA,NA,"OlfactoryBulb_N/mg"
"DNOB","JardimMesseder_etal_2017_Table1",NA,NA,NA,"OlfactoryBulb_N/mg"
"DNP+M","DosSantos_etal_2017_TableS1",NA,NA,NA,"PonsMedulla_N/mg"
"DNRoB","JardimMesseder_etal_2017_Table1",NA,NA,NA,"RoB_N/mg"
"DNROB","DosSantos_etal_2017_TableS1",NA,NA,NA,"RoB_N/mg"
"Entorhinal cortex_FractionofBrain","Kverkova_etal_2018_TableS1",NA,NA,NA,"EntorhinalCortex_FractionofBrain"
"Entorhinal cortex_Vol,mm3","Kverkova_etal_2018_TableS1",NA,NA,NA,"EntorhinalCortex_Vol,mm3"
"Entorhinal cortex_Vol,mm3_SD","Kverkova_etal_2018_TableS1",NA,NA,NA,"EntorhinalCortex_Vol,mm3"
"Family","HerculanoHouzel_etal_2020_Table1",NA,NA,NA,"Family"
"Family","HerculanoHouzel_etal_2020_Table2",NA,NA,NA,"Family"
"Hippocampus Mass, g",NA,"Hippocampus_Mass_g","MHP","MHP.g","Hippocampus_Mass,g"
"Hippocampus N, n",NA,"Hippocampus_N_n","NHP","NHP","Hippocampus_N,n"
"Hippocampus N/mg",NA,"Hippocampus_Nmg","DNHP","DNHP","Hippocampus_N/mg"
"Hippocampus O, n",NA,"Hippocampus_O_n","","OHP","Hippocampus_O,n"
"Hippocampus O/N",NA,"Hippocampus_ON","O/NHP","O/NHP","Hippocampus_O/N"
"Hippocampus_FractionofBrain","Kverkova_etal_2018_TableS1",NA,NA,NA,"Hippocampus_FractionofBrain"
"Hippocampus_Vol,mm3","Kverkova_etal_2018_TableS1",NA,NA,NA,"Hippocampus_Vol,mm3"
"Hippocampus_Vol,mm3_SD","Kverkova_etal_2018_TableS1",NA,NA,NA,"Hippocampus_Vol,mm3"
"Hp_C","DosSantos_etal_2020_Table1",NA,NA,NA,"Hippocampus_C,n"
"Hp_I","DosSantos_etal_2020_Table1",NA,NA,NA,"Hippocampus_I,n"
"Hp_I/mg","DosSantos_etal_2020_Table1",NA,NA,NA,"Hippocampus_I/mg"
"Hp_I/N","DosSantos_etal_2020_Table1",NA,NA,NA,"Hippocampus_I/N"
"Hp_N","DosSantos_etal_2020_Table1",NA,NA,NA,"Hippocampus_N,n"
"Hp_N/mg","DosSantos_etal_2020_Table1",NA,NA,NA,"Hippocampus_N/mg"
"Hp_No. of samples","DosSantos_etal_2020_Table1",NA,NA,NA,"Hippocampus_n"
"Hp_Structure mass (g)","DosSantos_etal_2020_Table1",NA,NA,NA,"Hippocampus_Mass,g"
"Hypothalamus_FractionofBrain","Kverkova_etal_2018_TableS1",NA,NA,NA,"Hypothalamus_FractionofBrain"
"Hypothalamus_Vol,mm3","Kverkova_etal_2018_TableS1",NA,NA,NA,"Hypothalamus_Vol,mm3"
"Hypothalamus_Vol,mm3_SD","Kverkova_etal_2018_TableS1",NA,NA,NA,"Hypothalamus_Vol,mm3"
"MBD","DosSantos_etal_2017_TableS1",NA,NA,NA,"Body_Mass,g"
"MBD.kg","JardimMesseder_etal_2017_Table1",NA,NA,NA,"Body_Mass,kg"
"MBODY, g","HerculanoHouzel_etal_2020_Table1",NA,NA,NA,"Body_Mass,g"
"MBR","DosSantos_etal_2017_TableS1",NA,NA,NA,"WholeBrain_Mass,g"
"MBR.g","JardimMesseder_etal_2017_Table1",NA,NA,NA,"WholeBrain_Mass,g"
"MBRAIN, g","HerculanoHouzel_etal_2020_Table1",NA,NA,NA,"WholeBrain_Mass,g"
"MCB","DosSantos_etal_2017_TableS1",NA,NA,NA,"Cerebellum_Mass,g"
"MCB.g","JardimMesseder_etal_2017_Table1",NA,NA,NA,"Cerebellum_Mass,g"
"MCX","DosSantos_etal_2017_TableS1",NA,NA,NA,"CerebralCortex_Mass,g"
"MCxT.g","JardimMesseder_etal_2017_Table1",NA,NA,NA,"CerebralCortex_Mass,g"
"MD+S","DosSantos_etal_2017_TableS1",NA,NA,NA,"DiencephalonStriatum_Mass,g"
"Medulla oblongata_FractionofBrain","Kverkova_etal_2018_TableS1",NA,NA,NA,"Medulla_FractionofBrain"
"Medulla oblongata_Vol,mm3","Kverkova_etal_2018_TableS1",NA,NA,NA,"Medulla_Vol,mm3"
"Medulla oblongata_Vol,mm3_SD","Kverkova_etal_2018_TableS1",NA,NA,NA,"Medulla_Vol,mm3"
"Mesencephalon Mass, g",NA,"Mesencephalon_Mass_g","MMES",NA,"Mesencephalon_Mass,g"
"Mesencephalon N, n",NA,"Mesencephalon_N_n","NMES",NA,"Mesencephalon_N,n"
"Mesencephalon N/mg",NA,"Mesencephalon_Nmg","DNMES",NA,"Mesencephalon_N/mg"
"Mesencephalon O, n",NA,"Mesencephalon_O_n","",NA,"Mesencephalon_O,n"
"Mesencephalon O/N",NA,"Mesencephalon_ON","O/NMES",NA,"Mesencephalon_O/N"
"Mesencephalon+Diencephalon+Striatum Mass, g",NA,"MesencephalonDiencephalonStriatum_Mass_g","MMES+D+S",NA,"MesencephalonDiencephalonStriatum_Mass,g"
"Mesencephalon+Diencephalon+Striatum N, n",NA,"MesencephalonDiencephalonStriatum_N_n","NMES+D+S",NA,"MesencephalonDiencephalonStriatum_N,n"
"Mesencephalon+Diencephalon+Striatum N/mg",NA,"MesencephalonDiencephalonStriatum_Nmg","DNMES+D+S",NA,"MesencephalonDiencephalonStriatum_N/mg"
"Mesencephalon+Diencephalon+Striatum O, n",NA,"MesencephalonDiencephalonStriatum_O_n","",NA,"MesencephalonDiencephalonStriatum_O,n"
"Mesencephalon+Diencephalon+Striatum O/N",NA,"MesencephalonDiencephalonStriatum_ON","O/NMES+D+S",NA,"MesencephalonDiencephalonStriatum_O/N"
"MHP","DosSantos_etal_2017_TableS1",NA,NA,NA,"Hippocampus_Mass,g"
"MHP.g","JardimMesseder_etal_2017_Table1",NA,NA,NA,"Hippocampus_Mass,g"
"Micro/mega","HerculanoHouzel_etal_2020_Table2",NA,NA,NA,"Micro/mega"
"Micro/mega","HerculanoHouzel_etal_2020_Table1",NA,NA,NA,"Micro/mega"
"MMES","DosSantos_etal_2017_TableS1",NA,NA,NA,"Mesencephalon_Mass,g"
"MMES+D+S","DosSantos_etal_2017_TableS1",NA,NA,NA,"MesencephalonDiencephalonStriatum_Mass,g"
"MOB","DosSantos_etal_2017_TableS1",NA,NA,NA,"OlfactoryBulb_Mass,g"
"MOB.g","JardimMesseder_etal_2017_Table1",NA,NA,NA,"OlfactoryBulb_Mass,g"
"MP+M","DosSantos_etal_2017_TableS1",NA,NA,NA,"PonsMedulla_Mass,g"
"MROB","DosSantos_etal_2017_TableS1",NA,NA,NA,"RoB_Mass,g"
"MRoB.g","JardimMesseder_etal_2017_Table1",NA,NA,NA,"RoB_Mass,g"
"n","HerculanoHouzel_etal_2020_Table1",NA,NA,NA,"WholeBrain_n"
"NBR","DosSantos_etal_2017_TableS1",NA,NA,NA,"WholeBrain_N,n"
"NBR","JardimMesseder_etal_2017_Table1",NA,NA,NA,"WholeBrain_N,n"
"NBRAIN","HerculanoHouzel_etal_2020_Table1",NA,NA,NA,"WholeBrain_N,n"
"NCB","DosSantos_etal_2017_TableS1",NA,NA,NA,"Cerebellum_N,n"
"NCB","HerculanoHouzel_etal_2020_Table2",NA,NA,NA,"Cerebellum_N,n"
"NCB","JardimMesseder_etal_2017_Table1",NA,NA,NA,"Cerebellum_N,n"
"NCX","DosSantos_etal_2017_TableS1",NA,NA,NA,"CerebralCortex_N,n"
"NCX","HerculanoHouzel_etal_2020_Table2",NA,NA,NA,"CerebralCortex_N,n"
"NCxT","JardimMesseder_etal_2017_Table1",NA,NA,NA,"CerebralCortex_N,n"
"ND+S","DosSantos_etal_2017_TableS1",NA,NA,NA,"DiencephalonStriatum_N,n"
"Neocortex_FractionofBrain","Kverkova_etal_2018_TableS1",NA,NA,NA,"Neocortex_FractionofBrain"
"Neocortex_Vol,mm3","Kverkova_etal_2018_TableS1",NA,NA,NA,"Neocortex_Vol,mm3"
"Neocortex_Vol,mm3_SD","Kverkova_etal_2018_TableS1",NA,NA,NA,"Neocortex_Vol,mm3"
"NGM","DosSantos_etal_2017_TableS1",NA,NA,NA,"CerebralCortexGrey_N,n"
"NHP","DosSantos_etal_2017_TableS1",NA,NA,NA,"Hippocampus_N,n"
"NHP","JardimMesseder_etal_2017_Table1",NA,NA,NA,"Hippocampus_N,n"
"NMES","DosSantos_etal_2017_TableS1",NA,NA,NA,"Mesencephalon_N,n"
"NMES+D+S","DosSantos_etal_2017_TableS1",NA,NA,NA,"MesencephalonDiencephalonStriatum_N,n"
"NOB","DosSantos_etal_2017_TableS1",NA,NA,NA,"OlfactoryBulb_N,n"
"NOB","JardimMesseder_etal_2017_Table1",NA,NA,NA,"OlfactoryBulb_N,n"
"NP+M","DosSantos_etal_2017_TableS1",NA,NA,NA,"PonsMedulla_N,n"
"NRoB","HerculanoHouzel_etal_2020_Table2",NA,NA,NA,"RoB_N,n"
"NRoB","JardimMesseder_etal_2017_Table1",NA,NA,NA,"RoB_N,n"
"NROB","DosSantos_etal_2017_TableS1",NA,NA,NA,"RoB_N,n"
"O/NBR","DosSantos_etal_2017_TableS1",NA,NA,NA,"WholeBrain_O/N"
"O/NBR","JardimMesseder_etal_2017_Table1",NA,NA,NA,"WholeBrain_O/N"
"O/NCB","DosSantos_etal_2017_TableS1",NA,NA,NA,"Cerebellum_O/N"
"O/NCB","JardimMesseder_etal_2017_Table1",NA,NA,NA,"Cerebellum_O/N"
"O/NCX","DosSantos_etal_2017_TableS1",NA,NA,NA,"CerebralCortex_O/N"
"O/NCXT","JardimMesseder_etal_2017_Table1",NA,NA,NA,"CerebralCortex_O/N"
"O/ND+S","DosSantos_etal_2017_TableS1",NA,NA,NA,"DiencephalonStriatum_O/N"
"O/NGM","DosSantos_etal_2017_TableS1",NA,NA,NA,"CerebralCortexGrey_O/N"
"O/NHP","DosSantos_etal_2017_TableS1",NA,NA,NA,"Hippocampus_O/N"
"O/NHP","JardimMesseder_etal_2017_Table1",NA,NA,NA,"Hippocampus_O/N"
"O/NMES","DosSantos_etal_2017_TableS1",NA,NA,NA,"Mesencephalon_O/N"
"O/NMES+D+S","DosSantos_etal_2017_TableS1",NA,NA,NA,"MesencephalonDiencephalonStriatum_O/N"
"O/NOB","DosSantos_etal_2017_TableS1",NA,NA,NA,"OlfactoryBulb_O/N"
"O/NOB","JardimMesseder_etal_2017_Table1",NA,NA,NA,"OlfactoryBulb_O/N"
"O/NP+M","DosSantos_etal_2017_TableS1",NA,NA,NA,"PonsMedulla_O/N"
"O/NRoB","JardimMesseder_etal_2017_Table1",NA,NA,NA,"RoB_O/N"
"O/NROB","DosSantos_etal_2017_TableS1",NA,NA,NA,"RoB_O/N"
"OBR","JardimMesseder_etal_2017_Table1",NA,NA,NA,"WholeBrain_O,n"
"OCB","JardimMesseder_etal_2017_Table1",NA,NA,NA,"Cerebellum_O,n"
"OCxT","JardimMesseder_etal_2017_Table1",NA,NA,NA,"CerebralCortex_O,n"
"OHP","JardimMesseder_etal_2017_Table1",NA,NA,NA,"Hippocampus_O,n"
"Olfactory bulb Mass, g","HerculanoHouzel_etal_2015_Table4","OlfactoryBulb_Mass_g","MOB","MOB.g","OlfactoryBulb_Mass,g"
"Olfactory bulb Mass, g SD","HerculanoHouzel_etal_2015_Table4","OlfactoryBulb_Mass_g_SD","",NA,"OlfactoryBulb_Mass,g_SD"
"Olfactory bulb n","HerculanoHouzel_etal_2015_Table4","OlfactoryBulb_n","",NA,"OlfactoryBulb_n"
"Olfactory bulb N, n","HerculanoHouzel_etal_2015_Table4","OlfactoryBulb_N_n","NOB","NOB","OlfactoryBulb_N,n"
"Olfactory bulb N, n SD","HerculanoHouzel_etal_2015_Table4","OlfactoryBulb_N_n_SD","",NA,"OlfactoryBulb_N,n_SD"
"Olfactory bulb N/mg","HerculanoHouzel_etal_2015_Table4","OlfactoryBulb_Nmg","DNOB","DNOB","OlfactoryBulb_N/mg"
"Olfactory bulb N/mg SD","HerculanoHouzel_etal_2015_Table4","OlfactoryBulb_Nmg_SD","",NA,"OlfactoryBulb_N/mg_SD"
"Olfactory bulb O, n","HerculanoHouzel_etal_2015_Table4","OlfactoryBulb_O_n","","OOB","OlfactoryBulb_O,n"
"Olfactory bulb O, n SD","HerculanoHouzel_etal_2015_Table4","OlfactoryBulb_O_n_SD","",NA,"OlfactoryBulb_O,n_SD"
"Olfactory bulb O/mg","HerculanoHouzel_etal_2015_Table4","OlfactoryBulb_Omg","",NA,"OlfactoryBulb_O/mg"
"Olfactory bulb O/mg SD","HerculanoHouzel_etal_2015_Table4","OlfactoryBulb_Omg_SD","",NA,"OlfactoryBulb_O/mg_SD"
"Olfactory bulb O/N","HerculanoHouzel_etal_2015_Table4","OlfactoryBulb_ON","O/NOB","O/NOB","OlfactoryBulb_O/N"
"Olfactory bulb O/N SD","HerculanoHouzel_etal_2015_Table4","OlfactoryBulb_ON_SD","",NA,"OlfactoryBulb_O/N_SD"
"Olfactory bulb Source","HerculanoHouzel_etal_2015_Table4","OlfactoryBulb_Source","",NA,"OlfactoryBulb_Source"
"Olfactory bulbs_FractionofBrain","Kverkova_etal_2018_TableS1",NA,NA,NA,"OlfactoryBulb_FractionofBrain"
"Olfactory bulbs_N,n","Kverkova_etal_2018_TableS5",NA,NA,NA,"OlfactoryBulb_N,n"
"Olfactory bulbs_N,n_SD","Kverkova_etal_2018_TableS5",NA,NA,NA,"OlfactoryBulb_N,n"
"Olfactory bulbs_Vol,mm3","Kverkova_etal_2018_TableS1",NA,NA,NA,"OlfactoryBulb_Vol,mm3"
"Olfactory bulbs_Vol,mm3_SD","Kverkova_etal_2018_TableS1",NA,NA,NA,"OlfactoryBulb_Vol,mm3"
"Olfactory cortices_FractionofBrain","Kverkova_etal_2018_TableS1",NA,NA,NA,"OlfactoryCortices_FractionofBrain"
"Olfactory cortices_Vol,mm3","Kverkova_etal_2018_TableS1",NA,NA,NA,"OlfactoryCortices_Vol,mm3"
"Olfactory cortices_Vol,mm3_SD","Kverkova_etal_2018_TableS1",NA,NA,NA,"OlfactoryCortices_Vol,mm3"
"OOB","JardimMesseder_etal_2017_Table1",NA,NA,NA,"OlfactoryBulb_O,n"
"Order","HerculanoHouzel_etal_2015_Table4","Order","",NA,"Order"
"Order","HerculanoHouzel_etal_2015_Table3","Order","",NA,"Order"
"Order","HerculanoHouzel_etal_2015_Table5","Order","",NA,"Order"
"Order","HerculanoHouzel_etal_2015_Table2","Order","",NA,"Order"
"Order","HerculanoHouzel_etal_2015_Table1","Order","",NA,"Order"
"ORoB","JardimMesseder_etal_2017_Table1",NA,NA,NA,"RoB_O,n"
"P+M_C","DosSantos_etal_2020_Table1",NA,NA,NA,"PonsMedulla_C,n"
"P+M_I","DosSantos_etal_2020_Table1",NA,NA,NA,"PonsMedulla_I,n"
"P+M_I/mg","DosSantos_etal_2020_Table1",NA,NA,NA,"PonsMedulla_I/mg"
"P+M_I/N","DosSantos_etal_2020_Table1",NA,NA,NA,"PonsMedulla_I/N"
"P+M_N","DosSantos_etal_2020_Table1",NA,NA,NA,"PonsMedulla_N,n"
"P+M_N/mg","DosSantos_etal_2020_Table1",NA,NA,NA,"PonsMedulla_N/mg"
"P+M_No. of samples","DosSantos_etal_2020_Table1",NA,NA,NA,"PonsMedulla_n"
"P+M_Structure mass (g)","DosSantos_etal_2020_Table1",NA,NA,NA,"PonsMedulla_Mass,g"
"Pons+Medulla Mass, g",NA,"PonsMedulla_Mass_g","MP+M",NA,"PonsMedulla_Mass,g"
"Pons+Medulla N, n",NA,"PonsMedulla_N_n","NP+M",NA,"PonsMedulla_N,n"
"Pons+Medulla N/mg",NA,"PonsMedulla_Nmg","DNP+M",NA,"PonsMedulla_N/mg"
"Pons+Medulla O, n",NA,"PonsMedulla_O_n","",NA,"PonsMedulla_O,n"
"Pons+Medulla O/N",NA,"PonsMedulla_ON","O/NP+M",NA,"PonsMedulla_O/N"
"RoB Mass, g","HerculanoHouzel_etal_2015_Table3","RoB_Mass_g","MROB","MRoB.g","RoB_Mass,g"
"RoB Mass, g SD","HerculanoHouzel_etal_2015_Table3","RoB_Mass_g_SD","",NA,"RoB_Mass,g_SD"
"RoB N, n","HerculanoHouzel_etal_2015_Table3","RoB_N_n","NROB","NRoB","RoB_N,n"
"RoB N, n SD","HerculanoHouzel_etal_2015_Table3","RoB_N_n_SD","",NA,"RoB_N,n_SD"
"RoB N/mg","HerculanoHouzel_etal_2015_Table3","RoB_Nmg","DNROB","DNRoB","RoB_N/mg"
"RoB N/mg SD","HerculanoHouzel_etal_2015_Table3","RoB_Nmg_SD","",NA,"RoB_N/mg_SD"
"RoB O, n","HerculanoHouzel_etal_2015_Table3","RoB_O_n","","ORoB","RoB_O,n"
"RoB O, n SD","HerculanoHouzel_etal_2015_Table3","RoB_O_n_SD","",NA,"RoB_O,n_SD"
"RoB O/mg","HerculanoHouzel_etal_2015_Table3","RoB_Omg","",NA,"RoB_O/mg"
"RoB O/mg SD","HerculanoHouzel_etal_2015_Table3","RoB_Omg_SD","",NA,"RoB_O/mg_SD"
"RoB O/N","HerculanoHouzel_etal_2015_Table3","RoB_ON","O/NROB","O/NRoB","RoB_O/N"
"RoB O/N SD","HerculanoHouzel_etal_2015_Table3","RoB_ON_SD","",NA,"RoB_O/N_SD"
"RoB Source","HerculanoHouzel_etal_2015_Table3","RoB_Source","",NA,"RoB_Source"
"RoB_C","DosSantos_etal_2020_Table1",NA,NA,NA,"RoB_C,n"
"RoB_I","DosSantos_etal_2020_Table1",NA,NA,NA,"RoB_I,n"
"RoB_I/mg","DosSantos_etal_2020_Table1",NA,NA,NA,"RoB_I/mg"
"RoB_I/N","DosSantos_etal_2020_Table1",NA,NA,NA,"RoB_I/N"
"RoB_N","DosSantos_etal_2020_Table1",NA,NA,NA,"RoB_N,n"
"RoB_N/mg","DosSantos_etal_2020_Table1",NA,NA,NA,"RoB_N/mg"
"RoB_No. of samples","DosSantos_etal_2020_Table1",NA,NA,NA,"RoB_n"
"RoB_Structure mass (g)","DosSantos_etal_2020_Table1",NA,NA,NA,"RoB_Mass,g"
"Septum_FractionofBrain","Kverkova_etal_2018_TableS1",NA,NA,NA,"Septum_FractionofBrain"
"Septum_Vol,mm3","Kverkova_etal_2018_TableS1",NA,NA,NA,"Septum_Vol,mm3"
"Septum_Vol,mm3_SD","Kverkova_etal_2018_TableS1",NA,NA,NA,"Septum_Vol,mm3"
"Species","DosSantos_etal_2017_TableS1",NA,NA,NA,"Species"
"Species","HerculanoHouzel_etal_2015_Table1",NA,NA,NA,"Species"
"Species","HerculanoHouzel_etal_2020_Table2",NA,NA,NA,"Species"
"Species","HerculanoHouzel_etal_2015_Table4",NA,NA,NA,"Species"
"Species","JardimMesseder_etal_2017_Table1",NA,NA,NA,"Species"
"Species","HerculanoHouzel_etal_2015_Table2",NA,NA,NA,"Species"
"Species","HerculanoHouzel_etal_2015_Table5",NA,NA,NA,"Species"
"Species","HerculanoHouzel_etal_2015_Table3",NA,NA,NA,"Species"
"Species","HerculanoHouzel_etal_2020_Table1",NA,NA,NA,"Species"
"Species","Kverkova_etal_2018_TableS1",NA,NA,NA,"Species"
"Species","Kverkova_etal_2018_TableS5",NA,NA,NA,"Species"
"Species name","DosSantos_etal_2020_Table1",NA,NA,NA,"Species"
"Striatum_FractionofBrain","Kverkova_etal_2018_TableS1",NA,NA,NA,"Striatum_FractionofBrain"
"Striatum_Vol,mm3","Kverkova_etal_2018_TableS1",NA,NA,NA,"Striatum_Vol,mm3"
"Striatum_Vol,mm3_SD","Kverkova_etal_2018_TableS1",NA,NA,NA,"Striatum_Vol,mm3"
"Subcortical forebrain_N,n","Kverkova_etal_2018_TableS5",NA,NA,NA,"SubcorticalForebrain_N,n"
"Subcortical forebrain_N,n_SD","Kverkova_etal_2018_TableS5",NA,NA,NA,"SubcorticalForebrain_N,n"
"Tectum_FractionofBrain","Kverkova_etal_2018_TableS1",NA,NA,NA,"Tectum_FractionofBrain"
"Tectum_Vol,mm3","Kverkova_etal_2018_TableS1",NA,NA,NA,"Tectum_Vol,mm3"
"Tectum_Vol,mm3_SD","Kverkova_etal_2018_TableS1",NA,NA,NA,"Tectum_Vol,mm3"
"Tegmentum_FractionofBrain","Kverkova_etal_2018_TableS1",NA,NA,NA,"Tegmentum_FractionofBrain"
"Tegmentum_Vol,mm3","Kverkova_etal_2018_TableS1",NA,NA,NA,"Tegmentum_Vol,mm3"
"Tegmentum_Vol,mm3_SD","Kverkova_etal_2018_TableS1",NA,NA,NA,"Tegmentum_Vol,mm3"
"Thalamus_FractionofBrain","Kverkova_etal_2018_TableS1",NA,NA,NA,"Thalamus_FractionofBrain"
"Thalamus_Vol,mm3","Kverkova_etal_2018_TableS1",NA,NA,NA,"Thalamus_Vol,mm3"
"Thalamus_Vol,mm3_SD","Kverkova_etal_2018_TableS1",NA,NA,NA,"Thalamus_Vol,mm3"
"Whole brain % Neurons","HerculanoHouzel_etal_2015_Table5","WholeBrain_percent_Neurons","",NA,"WholeBrain_%Neurons"
"Whole brain % Neurons SD","HerculanoHouzel_etal_2015_Table5","WholeBrain_percent_Neurons_SD","",NA,"WholeBrain_%Neurons_SD"
"Whole brain n","HerculanoHouzel_etal_2015_Table5","WholeBrain_n","",NA,"WholeBrain_n"
"Whole brain N/mg",NA,"WholeBrain_Nmg","",NA,"WholeBrain_N/mg"
"Whole brain Neurons","HerculanoHouzel_etal_2015_Table5","WholeBrain_N_n","NBR","NBR","WholeBrain_N,n"
"Whole brain Neurons SD","HerculanoHouzel_etal_2015_Table5","WholeBrain_N_n_SD","",NA,"WholeBrain_N,n_SD"
"Whole brain O/mg",NA,"WholeBrain_Omg","",NA,"WholeBrain_O/mg"
"Whole brain O/N",NA,"WholeBrain_ON","O/NBR","O/NBR","WholeBrain_O/N"
"Whole brain Other cells","HerculanoHouzel_etal_2015_Table5","WholeBrain_O_n","","OBR","WholeBrain_O,n"
"Whole brain Other cells SD","HerculanoHouzel_etal_2015_Table5","WholeBrain_O_n_SD","",NA,"WholeBrain_O,n_SD"
"Whole brain Source","HerculanoHouzel_etal_2015_Table5","WholeBrain_Source","",NA,"WholeBrain_Source"
"Whole brain_N,n","Kverkova_etal_2018_TableS5",NA,NA,NA,"WholeBrainOlfactoryBulb_N,n"
"Whole brain_N,n_SD","Kverkova_etal_2018_TableS5",NA,NA,NA,"WholeBrainOlfactoryBulb_N,n"
